state,county,p1_lvl_cost_per_kwh
AK,Aleutians East,0.3115
AK,Aleutians West,0.6400000000000001
AK,Anchorage,2.2760301655904827
AK,Bethel,0.5892333108997639
AK,Bristol Bay,0.2047641835799076
AK,Denali,0.272501122386605
AK,Dillingham,0.549233310899764
AK,Fairbanks North Star,0.4881320994391166
AK,Haines,1.9706270299989512
AK,Hoonah-Angoon,1.9706270299989512
AK,Juneau,0.1425563749881679
AK,Kenai Peninsula,2.2760301655904827
AK,Ketchikan Gateway,0.1239859719021305
AK,Kodiak Island,0.3149980840153058
AK,Kusilvak,0.5284666217995279
AK,Lake and Peninsula,0.9209940305966514
AK,Matanuska Susitna,0.7476921733562193
AK,Nome,0.5742333108997639
AK,North Slope,0.2
AK,Northwest Arctic,0.3856183873913921
AK,Not Applicable,0.5082993606193222
AK,Petersburg,0.1325892550739723
AK,Prince of Wales-Hyder,0.8110806530985045
AK,Sitka,0.5082993606193222
AK,Skagway,1.1603135149994757
AK,Southeast Fairbanks,0.272501122386605
AK,Valdez Cordova,0.26790761498502746
AK,Wrangell,0.1468838826109584
AK,Yakutat,0.5284666217995279
AK,Yukon Koyukuk,0.40048387209306646
AL,Autauga,0.11463
AL,Baldwin,0.147778808618112
AL,Barbour,0.447486172386676
AL,Bibb,0.11463
AL,Blount,0.1507584390148607
AL,Bullock,0.1507584390148607
AL,Butler,0.1507584390148607
AL,Calhoun,0.16976567593074476
AL,Chambers,0.1808865457144864
AL,Cherokee,0.1705949596023429
AL,Chilton,0.11463
AL,Choctaw,0.1166850764916281
AL,Clarke,0.1166850764916281
AL,Clay,0.3082112823229113
AL,Cleburne,0.447486172386676
AL,Coffee,0.131785673431963
AL,Colbert,0.1809630636920843
AL,Conecuh,0.6216200838224802
AL,Coosa,0.11463
AL,Covington,0.1859701529832563
AL,Crenshaw,0.1194922397756466
AL,Cullman,0.179291508787451
AL,Dale,0.1507584390148607
AL,Dallas,0.11565753824581404
AL,DeKalb,0.16020703334531114
AL,Elmore,0.11463
AL,Escambia,0.1507584390148607
AL,Etowah,0.1705949596023429
AL,Fayette,0.1507584390148607
AL,Franklin,0.18479068165026996
AL,Geneva,0.1507584390148607
AL,Greene,0.1166850764916281
AL,Hale,0.1166850764916281
AL,Henry,0.1507584390148607
AL,Houston,0.1507584390148607
AL,Jackson,0.1395075125079508
AL,Jefferson,0.17672681011738106
AL,Lamar,0.1507584390148607
AL,Lauderdale,0.1623301529832563
AL,Lawrence,0.1932906205257235
AL,Lee,0.5966754127857598
AL,Limestone,0.1333231777216069
AL,Lowndes,0.11463
AL,Macon,0.1604320917899538
AL,Madison,0.1507584390148607
AL,Marengo,0.1166850764916281
AL,Marion,0.1507584390148607
AL,Marshall,0.1537380694116094
AL,Mobile,1.1138211243979173
AL,Monroe,0.1507584390148607
AL,Montgomery,0.1507584390148607
AL,Morgan,0.1415429275064226
AL,Perry,0.11565753824581404
AL,Pickens,0.1166850764916281
AL,Pike,0.1507584390148607
AL,Randolph,0.447486172386676
AL,Russell,0.447486172386676
AL,Shelby,0.1689363922591466
AL,St Clair,0.1689363922591466
AL,Sumter,0.1166850764916281
AL,Talladega,0.1214313611933025
AL,Tallapoosa,0.11463
AL,Tuscaloosa,0.1166850764916281
AL,Walker,0.1507584390148607
AL,Washington,0.6152531004447727
AL,Wilcox,0.1166850764916281
AL,Winston,0.1507584390148607
AR,Arkansas,0.1612658952902765
AR,Ashley,0.1635956960694604
AR,Baxter,0.8864705646966795
AR,Benton,0.1296375995391501
AR,Boone,0.1296375995391501
AR,Bradley,0.1659254968486443
AR,Calhoun,0.1659254968486443
AR,Carroll,0.1296375995391501
AR,Chicot,0.1635956960694604
AR,Clark,1.4732996907805225
AR,Clay,0.2635586527956836
AR,Cleburne,0.15036511522644624
AR,Cleveland,0.1635956960694604
AR,Columbia,0.7183431687234074
AR,Conway,0.15036511522644624
AR,Craighead,0.1311991070882794
AR,Crawford,0.1275440511028366
AR,Crittenden,0.12179298720045605
AR,Cross,0.7799503505361859
AR,Dallas,0.8196125938145834
AR,Desha,0.1635956960694604
AR,Drew,0.1635956960694604
AR,Faulkner,0.15036511522644624
AR,Franklin,0.1275440511028366
AR,Fulton,0.8864705646966795
AR,Garland,0.1612658952902765
AR,Grant,0.1612658952902765
AR,Greene,0.14248635012343996
AR,Hempstead,0.7183431687234074
AR,Hot Spring,1.4732996907805225
AR,Howard,0.9571850642685228
AR,Independence,0.1612658952902765
AR,Izard,0.8864705646966795
AR,Jackson,1.132090920394231
AR,Jefferson,0.1612658952902765
AR,Johnson,0.14104618429109425
AR,Lafayette,0.7183431687234074
AR,Lawrence,0.5088348358924795
AR,Lee,0.7799503505361859
AR,Lincoln,0.1635956960694604
AR,Little River,0.7183431687234074
AR,Logan,0.1275440511028366
AR,Lonoke,0.1612658952902765
AR,Madison,0.1275440511028366
AR,Marion,0.5129674499296477
AR,Miller,0.7183431687234074
AR,Mississippi,0.14873649656640986
AR,Monroe,0.4706081229132312
AR,Montgomery,1.2152423775245227
AR,Nevada,0.1659254968486443
AR,Newton,0.1296375995391501
AR,Ouachita,0.1659254968486443
AR,Perry,0.1612658952902765
AR,Phillips,0.7799503505361859
AR,Pike,1.095821429751965
AR,Poinsett,0.6316450137412553
AR,Polk,0.837764116495965
AR,Pope,0.1296375995391501
AR,Prairie,0.4706081229132312
AR,Pulaski,0.747766751054908
AR,Randolph,0.14248635012343996
AR,Saline,0.13754229226016074
AR,Scott,0.1275440511028366
AR,Searcy,0.139464335162616
AR,Sebastian,0.14104618429109425
AR,Sevier,0.837764116495965
AR,Sharp,0.1537735931586005
AR,St Francis,0.7799503505361859
AR,Stone,0.1612658952902765
AR,Union,0.1635956960694604
AR,Van Buren,0.139464335162616
AR,Washington,0.12859082532099336
AR,White,0.6466784078422538
AR,Woodruff,0.7799503505361859
AR,Yell,0.14440497319655654
AZ,Apache,0.1582301529832563
AZ,Cochise,0.1921682141765588
AZ,Coconino,0.1146979363034681
AZ,Gila,0.1582301529832563
AZ,Graham,0.12598089790928402
AZ,Greenlee,0.11893951779710729
AZ,La Paz,0.788488223264937
AZ,Maricopa,0.49287661839817215
AZ,Mohave,0.6399760526521184
AZ,Navajo,0.1582301529832563
AZ,Pima,0.33934354908780306
AZ,Pinal,0.451666933347398
AZ,Santa Cruz,0.4231749846532412
AZ,Yavapai,0.3773369944777933
AZ,Yuma,0.1354522262424198
CA,Alameda,0.3315753168100984
CA,Alpine,0.3315753168100984
CA,Amador,0.3315753168100984
CA,Butte,0.1995130754921155
CA,Calaveras,0.3315753168100984
CA,Colusa,0.3315753168100984
CA,Contra Costa,0.3315753168100984
CA,Del Norte,0.13361431226838
CA,El Dorado,0.3315753168100984
CA,Fresno,1.0881689651425661
CA,Glenn,0.3315753168100984
CA,Humboldt,0.3315753168100984
CA,Imperial,1.8447626134750337
CA,Inyo,1.0120183985274707
CA,Kern,1.0881689651425661
CA,Kings,1.0881689651425661
CA,Lake,0.3315753168100984
CA,Lassen,0.3668303972925405
CA,Los Angeles,0.665091154244676
CA,Madera,1.0881689651425661
CA,Marin,0.3315753168100984
CA,Mariposa,0.3315753168100984
CA,Mendocino,0.3315753168100984
CA,Merced,0.3315753168100984
CA,Modoc,0.2325948145392392
CA,Mono,1.0120183985274707
CA,Monterey,0.3315753168100984
CA,Napa,0.3315753168100984
CA,Nevada,0.3315753168100984
CA,Orange,1.8447626134750337
CA,Placer,0.7790864655530203
CA,Plumas,0.3668303972925405
CA,Riverside,1.2828635987089034
CA,Sacramento,0.6421445264398777
CA,San Benito,0.3315753168100984
CA,San Bernardino,0.3315753168100984
CA,San Diego,1.0881689651425661
CA,San Francisco,0.2755413082230749
CA,San Joaquin,0.3315753168100984
CA,San Luis Obispo,0.3315753168100984
CA,San Mateo,0.3315753168100984
CA,Santa Barbara,1.0881689651425661
CA,Santa Clara,0.23254449531496055
CA,Santa Cruz,0.3315753168100984
CA,Shasta,0.3315753168100984
CA,Sierra,0.3668303972925405
CA,Siskiyou,0.2325948145392392
CA,Solano,0.3315753168100984
CA,Sonoma,0.25397258880351475
CA,Stanislaus,0.3315753168100984
CA,Sutter,0.3315753168100984
CA,Tehama,0.3315753168100984
CA,Trinity,0.1908876584050492
CA,Tulare,1.0881689651425661
CA,Tuolumne,0.3315753168100984
CA,Ventura,1.8447626134750337
CA,Yolo,0.3315753168100984
CA,Yuba,0.3315753168100984
CO,Adams,1.029807413361106
CO,Alamosa,1.0365048953520593
CO,Arapahoe,1.029807413361106
CO,Archuleta,1.0137129350592036
CO,Baca,1.0201973409786314
CO,Bent,1.0076251723360685
CO,Boulder,1.00796925730901
CO,Broomfield,1.0028899078220712
CO,Chaffee,2.730526776039997
CO,Cheyenne,0.1498313456145352
CO,Clear Creek,1.865250344672137
CO,Conejos,1.0365048953520593
CO,Costilla,1.0365048953520593
CO,Crowley,1.865250344672137
CO,Custer,2.730526776039997
CO,Delta,0.1529278140156428
CO,Denver,1.865250344672137
CO,Dolores,0.2123042141765588
CO,Douglas,1.865250344672137
CO,Eagle,1.116671524197558
CO,El Paso,1.0028899078220712
CO,Elbert,1.865250344672137
CO,Fremont,2.730526776039997
CO,Garfield,0.10529
CO,Gilpin,1.865250344672137
CO,Grand,0.7634208613657104
CO,Gunnison,0.17229070032760774
CO,Hinsdale,0.19970651633577724
CO,Huerfano,1.865250344672137
CO,Jackson,0.7634208613657104
CO,Jefferson,1.865250344672137
CO,Kiowa,0.1888626912290704
CO,Kit Carson,0.1888626912290704
CO,La Plata,1.0137129350592036
CO,Lake,2.730526776039997
CO,Larimer,0.46502207351816693
CO,Las Animas,1.0151957628150308
CO,Lincoln,0.1888626912290704
CO,Logan,0.18246791445700056
CO,Mesa,1.038777279424348
CO,Mineral,0.2077594460319818
CO,Moffat,0.23669135186148954
CO,Montezuma,1.0088900540044003
CO,Montrose,0.2123042141765588
CO,Morgan,0.194364482050075
CO,Otero,0.9909196506379708
CO,Ouray,0.2123042141765588
CO,Park,1.865250344672137
CO,Phillips,0.1442586706121779
CO,Pitkin,1.5213804475226653
CO,Prowers,0.1813114176488829
CO,Pueblo,1.865250344672137
CO,Rio Blanco,0.23669135186148954
CO,Rio Grande,0.2077594460319818
CO,Routt,0.5657567825443448
CO,Saguache,0.2077594460319818
CO,San Juan,0.1872398698114145
CO,San Miguel,0.2123042141765588
CO,Sedgwick,1.3630444338050876
CO,Summit,1.3143356030189237
CO,Teller,1.0028899078220712
CO,Washington,0.7333733153556385
CO,Weld,0.194364482050075
CO,Yuma,0.42693218062530774
CT,Fairfield,1.0912581477481016
CT,Hartford,1.928455781807596
CT,Litchfield,1.928455781807596
CT,Middlesex,1.928455781807596
CT,New Haven,1.4087829757549095
CT,New London,1.0610754975134598
CT,Tolland,1.928455781807596
CT,Windham,1.928455781807596
DC,District of Columbia,0.2950192464705936
DE,Kent,0.156011696795826
DE,New Castle,0.1562343702305233
DE,Sussex,0.157161393591652
FL,Alachua,0.1585139578531957
FL,Baker,0.3425995015652634
FL,Bay,0.34457898130788117
FL,Bradford,0.316979440621839
FL,Brevard,0.1977421529832563
FL,Broward,0.5223696261697058
FL,Calhoun,0.1646966428353118
FL,Charlotte,0.5223696261697058
FL,Citrus,0.17772798134804355
FL,Clay,0.5223696261697058
FL,Collier,0.5223696261697058
FL,Columbia,0.3397107097447461
FL,DeSoto,0.36005588957648105
FL,Dixie,0.1570517933197864
FL,Duval,0.32158623144284365
FL,Escambia,0.34939110669975004
FL,Flagler,0.3397107097447461
FL,Franklin,0.1570517933197864
FL,Gadsden,0.133083584140791
FL,Gilchrist,0.1585139578531957
FL,Glades,0.3238855864358159
FL,Gulf,0.1570517933197864
FL,Hamilton,0.1570517933197864
FL,Hardee,0.36005588957648105
FL,Hendry,0.5147711214843612
FL,Hernando,0.17772798134804355
FL,Highlands,0.2608138697095361
FL,Hillsborough,0.1977421529832563
FL,Holmes,0.344921205535324
FL,Indian River,0.36005588957648105
FL,Jackson,0.497970179444575
FL,Jefferson,0.14871336091286086
FL,Lafayette,0.1585139578531957
FL,Lake,0.1276750476441241
FL,Lee,0.5223696261697058
FL,Leon,0.15706395785319574
FL,Levy,0.1585139578531957
FL,Liberty,0.32752315091559003
FL,Madison,0.14871336091286086
FL,Manatee,0.36005588957648105
FL,Marion,0.159976122386605
FL,Martin,0.5223696261697058
FL,Miami Dade,0.32851325246069446
FL,Monroe,0.7281139510472416
FL,Nassau,0.497970179444575
FL,Okaloosa,0.532106169295976
FL,Okeechobee,0.42312760630276086
FL,Orange,0.1629491953799388
FL,Osceola,0.1688465974400912
FL,Palm Beach,0.35513338435272246
FL,Pasco,0.1984041693763007
FL,Pinellas,0.8891016032238038
FL,Polk,0.1570517933197864
FL,Putnam,0.5223696261697058
FL,Santa Rosa,0.34939110669975004
FL,Sarasota,0.36005588957648105
FL,Seminole,0.3397107097447461
FL,St Johns,0.32158623144284365
FL,St Lucie,0.699778212006612
FL,Sumter,0.1393314793014151
FL,Suwannee,0.3397107097447461
FL,Taylor,0.14871336091286086
FL,Union,0.5223696261697058
FL,Volusia,0.1570517933197864
FL,Wakulla,0.15706395785319574
FL,Walton,0.532106169295976
FL,Washington,0.344921205535324
GA,Appling,0.17916081558850389
GA,Atkinson,0.17916081558850389
GA,Bacon,0.17916081558850389
GA,Baker,0.1363868673126328
GA,Baldwin,0.1799761223866051
GA,Banks,0.1394820917899538
GA,Barrow,0.17916081558850389
GA,Bartow,0.1579584990440329
GA,Ben Hill,0.16968149484961892
GA,Berrien,0.22286033918796636
GA,Bibb,0.28863305343217766
GA,Bleckley,0.1735080005116095
GA,Brantley,0.162829376960821
GA,Brooks,0.09509539815361079
GA,Bryan,0.1361814948496189
GA,Bulloch,0.143571346863926
GA,Burke,0.17396567593074475
GA,Butts,0.2057665010041534
GA,Calhoun,0.2239641835799075
GA,Camden,0.162829376960821
GA,Candler,0.153380897909284
GA,Carroll,0.1707537869748175
GA,Catoosa,0.17916081558850389
GA,Charlton,0.2551561075667903
GA,Chatham,0.1189820917899538
GA,Chattahoochee,0.1931248957982416
GA,Chattooga,0.17916081558850389
GA,Cherokee,0.1889701529832563
GA,Clarke,0.17916081558850389
GA,Clay,0.18017552544627013
GA,Clayton,0.31102474771024713
GA,Clinch,0.3474828381727596
GA,Cobb,0.1579584990440329
GA,Coffee,0.1704526008575527
GA,Colquitt,0.13385496599656344
GA,Columbia,0.2043600049975635
GA,Cook,0.2378298041787154
GA,Coweta,0.193934621430638
GA,Crawford,0.17043618455819504
GA,Crisp,0.1018510734817173
GA,Dade,0.17916081558850389
GA,Dawson,0.1889701529832563
GA,DeKalb,0.1759467026710725
GA,Decatur,0.14924395666255091
GA,Dodge,0.1670398786366139
GA,Dooly,0.14141658263583556
GA,Dougherty,0.18394542887519105
GA,Douglas,0.17916081558850389
GA,Early,0.1363868673126328
GA,Echols,0.22286033918796636
GA,Effingham,0.14847612238660501
GA,Elbert,0.158717310715319
GA,Emanuel,0.1555222464147395
GA,Evans,0.1361814948496189
GA,Fannin,0.1761884447343859
GA,Fayette,0.2359462753698614
GA,Floyd,0.1707537869748175
GA,Forsyth,0.18245842782716443
GA,Franklin,0.1394820917899538
GA,Fulton,0.2359462753698614
GA,Gilmer,0.18257929885882113
GA,Glascock,0.18101179995887923
GA,Glynn,0.162829376960821
GA,Gordon,0.34485651955341157
GA,Grady,0.2829741078166685
GA,Greene,0.17916081558850389
GA,Gwinnett,0.1487620806860422
GA,Habersham,0.17916081558850389
GA,Hall,0.1442877624169652
GA,Hancock,0.157663594920195
GA,Haralson,0.1707537869748175
GA,Harris,0.2239641835799075
GA,Hart,0.1394820917899538
GA,Heard,0.2239641835799075
GA,Henry,0.2229516100253164
GA,Houston,0.1809820917899538
GA,Irwin,0.17916081558850389
GA,Jackson,0.1127240305966512
GA,Jasper,0.2811390228355264
GA,Jeff Davis,0.17916081558850389
GA,Jefferson,0.18101179995887923
GA,Jenkins,0.153380897909284
GA,Johnson,0.2043600049975635
GA,Jones,0.3972899844777502
GA,Lamar,0.17184502006894387
GA,Lanier,0.22286033918796636
GA,Laurens,0.1670398786366139
GA,Lee,0.18394542887519105
GA,Liberty,0.1189820917899538
GA,Lincoln,0.17916081558850389
GA,Long,0.1189820917899538
GA,Lowndes,0.22286033918796636
GA,Lumpkin,0.1889701529832563
GA,Macon,0.1809820917899538
GA,Madison,0.1394820917899538
GA,Marion,0.1931248957982416
GA,McDuffie,0.2043600049975635
GA,McIntosh,0.17916081558850389
GA,Meriwether,0.19596134131197018
GA,Miller,0.1363868673126328
GA,Mitchell,0.17916081558850389
GA,Monroe,0.17916081558850389
GA,Montgomery,0.2093311988782332
GA,Morgan,0.3972899844777502
GA,Murray,0.1889701529832563
GA,Muscogee,0.2239641835799075
GA,Newton,0.4564226341924087
GA,Oconee,0.17916081558850389
GA,Oglethorpe,0.17916081558850389
GA,Paulding,0.1707537869748175
GA,Peach,0.186689381915934
GA,Pickens,0.1889701529832563
GA,Pierce,0.17916081558850389
GA,Pike,0.16195726414715544
GA,Polk,0.1707537869748175
GA,Pulaski,0.17401098521328384
GA,Putnam,0.3972899844777502
GA,Quitman,0.20854453968907455
GA,Rabun,0.4345260102430073
GA,Randolph,0.20854453968907455
GA,Richmond,0.143571346863926
GA,Rockdale,0.17916081558850389
GA,Schley,0.18054169742113724
GA,Screven,0.13718591059772525
GA,Seminole,0.1363868673126328
GA,Spalding,0.2028389082318581
GA,Stephens,0.1394820917899538
GA,Stewart,0.20854453968907455
GA,Sumter,0.1931248957982416
GA,Talbot,0.1541829872004561
GA,Taliaferro,0.17916081558850389
GA,Tattnall,0.153380897909284
GA,Taylor,0.1541829872004561
GA,Telfair,0.15351098521328385
GA,Terrell,0.20854453968907455
GA,Thomas,0.26635198202327814
GA,Tift,0.2378298041787154
GA,Toombs,0.1988311988782332
GA,Towns,0.1761884447343859
GA,Treutlen,0.2786803059665126
GA,Troup,0.2194641835799076
GA,Turner,0.14141658263583556
GA,Twiggs,0.28863305343217766
GA,Union,0.1761884447343859
GA,Upson,0.1541829872004561
GA,Walker,0.1568014564233144
GA,Walton,0.1783455087904027
GA,Ware,0.2551561075667903
GA,Warren,0.18101179995887923
GA,Washington,0.157663594920195
GA,Wayne,0.162829376960821
GA,Webster,0.1931248957982416
GA,Wheeler,0.1399820917899538
GA,White,0.17916081558850389
GA,Whitfield,0.2009311677818256
GA,Wilcox,0.14141658263583556
GA,Wilkes,0.2089525296406842
GA,Wilkinson,0.1799761223866051
GA,Worth,0.1018510734817173
HI,Hawaii,1.558435965462554
HI,Honolulu,1.558435965462554
HI,Kalawao,1.558435965462554
HI,Kauai,1.558435965462554
HI,Maui,1.558435965462554
IA,Adair,0.1235864054999906
IA,Adams,0.1218748159236065
IA,Allamakee,0.19845707690143222
IA,Appanoose,0.1431847498066787
IA,Audubon,0.076795224477321
IA,Benton,0.1431847498066787
IA,Black Hawk,0.12311334358020354
IA,Boone,0.13863043609664183
IA,Bremer,0.1112764716169184
IA,Buchanan,0.1218748159236065
IA,Buena Vista,0.1431847498066787
IA,Butler,0.1239460395395567
IA,Calhoun,0.1401454943498626
IA,Carroll,0.11314828656541459
IA,Cass,0.08289063187508774
IA,Cedar,0.15775397047998807
IA,Cerro Gordo,0.1629256605739629
IA,Cherokee,0.1431847498066787
IA,Chickasaw,0.1178496020916815
IA,Clarke,0.1431847498066787
IA,Clay,0.1573951606326392
IA,Clayton,0.12284909173149755
IA,Clinton,0.14343282385798134
IA,Crawford,0.1095419005190848
IA,Dallas,0.1218748159236065
IA,Davis,0.7694484172363028
IA,Decatur,0.1443274513949675
IA,Delaware,0.1293381963209952
IA,Des Moines,0.1629084920053341
IA,Dickinson,0.1486867818523906
IA,Dubuque,0.14671616672385665
IA,Emmet,0.152779839156307
IA,Fayette,0.1431847498066787
IA,Floyd,0.1826665713412471
IA,Franklin,0.1629256605739629
IA,Fremont,0.19697856340687225
IA,Greene,0.1431847498066787
IA,Grundy,0.14098759938066036
IA,Guthrie,0.123176122386605
IA,Hamilton,0.14738700244032543
IA,Hancock,0.15907148199161875
IA,Hardin,0.1629256605739629
IA,Harrison,0.1139820917899538
IA,Henry,0.5973020737821876
IA,Howard,0.2171709015434287
IA,Humboldt,0.1276597637226477
IA,Ida,0.136085226749567
IA,Iowa,0.1900629896992378
IA,Jackson,0.14343282385798134
IA,Jasper,0.1218748159236065
IA,Jefferson,0.7694484172363028
IA,Johnson,0.1530466209060064
IA,Jones,0.15657803782318436
IA,Keokuk,0.7694484172363028
IA,Kossuth,0.1276597637226477
IA,Lee,1.0000138460863228
IA,Linn,0.1530466209060064
IA,Louisa,0.1629084920053341
IA,Lucas,0.1431847498066787
IA,Lyon,0.1170820917899538
IA,Madison,0.09727050221356964
IA,Mahaska,0.1431847498066787
IA,Marion,0.1431847498066787
IA,Marshall,1.0739511045689454
IA,Mills,0.19697856340687225
IA,Mitchell,0.1801778256750537
IA,Monona,0.1005648820405343
IA,Monroe,0.1218748159236065
IA,Montgomery,0.12568610702982314
IA,Muscatine,0.1309681820221823
IA,O'Brien,0.167787862220928
IA,Osceola,0.1431847498066787
IA,Page,0.117
IA,Palo Alto,0.1276597637226477
IA,Plymouth,0.1351056562733875
IA,Pocahontas,0.1431847498066787
IA,Polk,0.1431847498066787
IA,Pottawattamie,0.1564143716658241
IA,Poweshiek,0.1241428367159815
IA,Ringgold,0.1443274513949675
IA,Sac,0.12688388261095834
IA,Scott,0.12538551008948828
IA,Shelby,0.1564143716658241
IA,Sioux,0.16186065090865165
IA,Story,0.1431847498066787
IA,Tama,0.1431847498066787
IA,Taylor,0.117
IA,Union,0.1431847498066787
IA,Van Buren,0.1584832856706235
IA,Wapello,0.7694484172363028
IA,Warren,0.14476664193837085
IA,Washington,0.1629084920053341
IA,Wayne,0.1443274513949675
IA,Webster,0.1395548961601368
IA,Winnebago,0.15132192844747905
IA,Winneshiek,0.19845707690143222
IA,Woodbury,0.130684739017543
IA,Worth,0.2171709015434287
IA,Wright,0.1475774513949675
ID,Ada,0.047932
ID,Adams,0.047932
ID,Bannock,0.09077315613419
ID,Bear Lake,0.13361431226838
ID,Benewah,0.1279701529832563
ID,Bingham,0.09077315613419
ID,Blaine,0.0930266170974484
ID,Boise,0.047932
ID,Bonner,0.5428137014567501
ID,Bonneville,0.3833938529425044
ID,Boundary,0.5273569306540836
ID,Butte,0.11332046468291421
ID,Camas,0.047932
ID,Canyon,0.047932
ID,Caribou,0.13361431226838
ID,Cassia,0.097280897909284
ID,Clark,0.356177422756502
ID,Clearwater,0.1304641835799076
ID,Custer,0.13038226765131075
ID,Elmore,0.047932
ID,Franklin,0.13361431226838
ID,Fremont,0.4593843602942639
ID,Gem,0.047932
ID,Gooding,0.047932
ID,Idaho,0.1304641835799076
ID,Jefferson,0.4593843602942639
ID,Jerome,0.047932
ID,Kootenai,0.5428137014567501
ID,Latah,0.1304641835799076
ID,Lemhi,0.10783495910258654
ID,Lewis,0.1304641835799076
ID,Lincoln,0.047932
ID,Madison,0.4593843602942639
ID,Minidoka,0.0950432856706235
ID,Nez Perce,0.1304641835799076
ID,Oneida,0.1039880611933025
ID,Owyhee,0.07596003059665125
ID,Payette,0.047932
ID,Power,0.1039880611933025
ID,Shoshone,0.1304641835799076
ID,Teton,0.4593843602942639
ID,Twin Falls,0.047932
ID,Valley,0.047932
ID,Washington,0.07234361223866051
IL,Adams,0.198812392758903
IL,Alexander,0.1156879507751796
IL,Bond,0.1297380509354811
IL,Boone,0.10043241438761275
IL,Brown,0.2077558264152194
IL,Bureau,0.09388429923463965
IL,Calhoun,0.19251054672883688
IL,Carroll,0.12498831104750596
IL,Cass,0.19251054672883688
IL,Champaign,0.121648244699141
IL,Christian,0.2444379182051732
IL,Clark,0.12095922399240235
IL,Clay,0.14745381997176715
IL,Clinton,0.12121025717665995
IL,Coles,0.1156879507751796
IL,Cook,0.0720806476940997
IL,Crawford,0.13105674946438006
IL,Cumberland,0.1464255481535805
IL,DeKalb,0.0720806476940997
IL,DeWitt,0.1368072290973523
IL,Douglas,0.1156879507751796
IL,DuPage,0.0670074000887998
IL,Edgar,0.1156879507751796
IL,Edwards,0.1156879507751796
IL,Effingham,0.1464255481535805
IL,Fayette,0.1907322447732101
IL,Ford,0.09388429923463965
IL,Franklin,0.1156879507751796
IL,Fulton,0.11342897538758981
IL,Gallatin,0.1156879507751796
IL,Greene,0.1433378076743751
IL,Grundy,0.0720806476940997
IL,Hamilton,0.1505940305966513
IL,Hancock,0.1527784549388831
IL,Hardin,0.1156879507751796
IL,Henderson,0.1156879507751796
IL,Henry,0.1156879507751796
IL,Iroquois,0.1503954702372087
IL,Jackson,0.1156879507751796
IL,Jasper,0.1464255481535805
IL,Jefferson,0.1156879507751796
IL,Jersey,0.1437881510957826
IL,Jo Daviess,0.0720806476940997
IL,Johnson,0.1156879507751796
IL,Kane,0.8245603140739503
IL,Kankakee,0.0720806476940997
IL,Kendall,0.09388429923463965
IL,Knox,0.11342897538758981
IL,LaSalle,0.09388429923463965
IL,Lake,0.0720806476940997
IL,Lawrence,0.13105674946438006
IL,Lee,0.0720806476940997
IL,Livingston,0.09388429923463965
IL,Logan,0.1156879507751796
IL,Macon,0.1800629344901764
IL,Macoupin,0.2693331426824942
IL,Madison,0.1437881510957826
IL,Marion,0.1907322447732101
IL,Marshall,0.09388429923463965
IL,Mason,0.1156879507751796
IL,Massac,0.0983439753875898
IL,McDonough,0.1156879507751796
IL,McHenry,0.10043241438761275
IL,McLean,0.1156879507751796
IL,Menard,0.1156879507751796
IL,Mercer,0.10812641640785695
IL,Monroe,0.1465120917899538
IL,Montgomery,0.2444379182051732
IL,Morgan,0.2693331426824942
IL,Moultrie,0.1284309906859154
IL,Ogle,0.0720806476940997
IL,Peoria,0.1156879507751796
IL,Perry,0.1156879507751796
IL,Piatt,0.1156879507751796
IL,Pike,0.2077558264152194
IL,Pope,0.1156879507751796
IL,Pulaski,0.1156879507751796
IL,Putnam,0.1156879507751796
IL,Randolph,0.146676122386605
IL,Richland,0.13105674946438006
IL,Rock Island,0.1005648820405343
IL,Saline,0.1156879507751796
IL,Sangamon,0.19211298969923785
IL,Schuyler,0.1156879507751796
IL,Scott,0.19251054672883688
IL,Shelby,0.19543173317937684
IL,St Clair,0.15321009777419486
IL,Stark,0.1156879507751796
IL,Stephenson,0.0720806476940997
IL,Tazewell,0.1156879507751796
IL,Union,0.1156879507751796
IL,Vermilion,0.1503954702372087
IL,Wabash,0.13105674946438006
IL,Warren,0.11342897538758981
IL,Washington,0.15321009777419486
IL,Wayne,0.13573423628239906
IL,White,0.12656391368797285
IL,Whiteside,0.1484216739317194
IL,Will,0.0670074000887998
IL,Williamson,0.1156879507751796
IL,Winnebago,0.10043241438761275
IL,Woodford,0.09388429923463965
IN,Adams,0.1478489591025866
IN,Allen,0.15804955604292145
IN,Bartholomew,0.1802831688934884
IN,Benton,0.2432293671598152
IN,Blackford,0.12698744333059495
IN,Boone,0.1553070922248145
IN,Brown,0.18379812666714884
IN,Carroll,0.2432293671598152
IN,Cass,0.15833802566370056
IN,Clark,0.17094006369208425
IN,Clay,0.17085109464786524
IN,Clinton,0.19926822969231484
IN,Crawford,0.16013741342504
IN,Daviess,0.10534654611240725
IN,DeKalb,0.21608016828158194
IN,Dearborn,0.1662779373360044
IN,Decatur,0.1802831688934884
IN,Delaware,0.1553070922248145
IN,Dubois,0.1553070922248145
IN,Elkhart,0.1361428282325067
IN,Fayette,0.1772487824471943
IN,Floyd,0.1649677346252655
IN,Fountain,0.1553070922248145
IN,Franklin,0.1818796712868456
IN,Fulton,0.1613689591025866
IN,Gibson,0.4063879336538309
IN,Grant,0.1355741676203
IN,Greene,0.14802763640309202
IN,Hamilton,0.12304134016771535
IN,Hancock,0.1709088261756557
IN,Harrison,0.16013741342504
IN,Hendricks,0.1373665859553802
IN,Henry,0.0975287025042615
IN,Howard,0.1553070922248145
IN,Huntington,0.1431320480420449
IN,Jackson,0.1740557776604799
IN,Jasper,0.2529693059665127
IN,Jay,0.12698744333059495
IN,Jefferson,0.18247698688630026
IN,Jennings,0.1880415810136975
IN,Johnson,0.1812011562633817
IN,Knox,0.1553070922248145
IN,Kosciusko,0.16480955604292147
IN,LaPorte,0.1668861529832563
IN,Lagrange,0.1682501529832563
IN,Lake,0.2639101835799076
IN,Lawrence,0.17374636237968205
IN,Madison,0.10536363854566785
IN,Marion,0.1553070922248145
IN,Marshall,0.1363850764916281
IN,Martin,0.14265354611240727
IN,Miami,0.1553070922248145
IN,Monroe,0.186395097070916
IN,Montgomery,0.1449286073057098
IN,Morgan,0.1812011562633817
IN,Newton,0.2639101835799076
IN,Noble,0.1682501529832563
IN,Ohio,0.1553070922248145
IN,Orange,0.136633702720997
IN,Owen,0.17085109464786524
IN,Parke,0.1254880611933025
IN,Perry,0.11588066933918005
IN,Pike,0.4063879336538309
IN,Porter,0.2639101835799076
IN,Posey,0.4063879336538309
IN,Pulaski,0.20716913253454966
IN,Putnam,0.17085109464786524
IN,Randolph,0.1592531953876941
IN,Ripley,0.1880415810136975
IN,Rush,0.43297670754021716
IN,Scott,0.16610974249185875
IN,Shelby,0.1682541242440981
IN,Spencer,0.1474253335627084
IN,St Joseph,0.10910721276677315
IN,Starke,0.2126395713412471
IN,Steuben,0.21608016828158194
IN,Sullivan,0.1553070922248145
IN,Switzerland,0.17167433661925602
IN,Tippecanoe,0.2141661784295265
IN,Tipton,0.08734993800848084
IN,Union,0.1662779373360044
IN,Vanderburgh,0.6574687750828473
IN,Vermillion,0.17020504096202616
IN,Vigo,0.1553070922248145
IN,Wabash,0.16804917489878424
IN,Warren,0.17020504096202616
IN,Warrick,0.1553070922248145
IN,Washington,0.17094006369208425
IN,Wayne,0.16312338324588035
IN,Wells,0.1284702731422892
IN,White,0.1851029896992378
IN,Whitley,0.14586016556986195
KS,Allen,0.1760950615648487
KS,Anderson,0.25245385915252067
KS,Atchison,0.133868122386605
KS,Barber,0.078
KS,Barton,0.12970287490361276
KS,Bourbon,0.28824676950036776
KS,Brown,0.1326087484243221
KS,Butler,0.1702372565120073
KS,Chase,0.1877337552821355
KS,Chautauqua,0.1702372565120073
KS,Cherokee,0.2100564518307121
KS,Cheyenne,0.1501937966240126
KS,Clark,0.2493199682191416
KS,Clay,0.1877337552821355
KS,Cloud,0.18593419355772361
KS,Coffey,0.2818905094565048
KS,Comanche,0.1580538456073871
KS,Cowley,0.1702372565120073
KS,Crawford,0.16227074992359114
KS,Decatur,0.1369940305966512
KS,Dickinson,0.1804761223866051
KS,Doniphan,0.1582520917899538
KS,Douglas,0.1877337552821355
KS,Edwards,0.1238875
KS,Elk,0.1789855058970714
KS,Ellis,0.12970287490361276
KS,Ellsworth,0.1534520917899538
KS,Finney,0.134380897909284
KS,Ford,0.11323
KS,Franklin,0.1531088332453599
KS,Geary,0.1877337552821355
KS,Gove,0.134380897909284
KS,Graham,0.1477188345634616
KS,Grant,0.1580538456073871
KS,Gray,0.1580538456073871
KS,Greeley,0.12267249999999999
KS,Greenwood,0.1877337552821355
KS,Hamilton,0.13442692280369356
KS,Harper,0.1331785101479445
KS,Harvey,0.1870051580945513
KS,Haskell,0.13564192280369355
KS,Hodgeman,0.134380897909284
KS,Jackson,0.1582520917899538
KS,Jefferson,0.17299292353604467
KS,Jewell,0.1841346318333117
KS,Johnson,0.1877337552821355
KS,Kearny,0.13442692280369356
KS,Kingman,0.1523476147374422
KS,Kiowa,0.13460604589497688
KS,Labette,0.1571427587527571
KS,Lane,0.134545
KS,Leavenworth,0.2818905094565048
KS,Lincoln,0.1725892550739723
KS,Linn,0.2957498580837251
KS,Logan,0.134380897909284
KS,Lyon,0.1877337552821355
KS,Marion,0.17059292353604466
KS,Marshall,0.15769117906117164
KS,McPherson,0.1534520917899538
KS,Meade,0.11323
KS,Miami,0.26168556064042153
KS,Mitchell,0.1841346318333117
KS,Montgomery,0.19014685417135968
KS,Morris,0.1804761223866051
KS,Morton,0.1580538456073871
KS,Nemaha,0.1187880611933025
KS,Neosho,0.1988951035564238
KS,Ness,0.134380897909284
KS,Norton,0.1672595592636649
KS,Osage,0.1692591174167144
KS,Osborne,0.1841346318333117
KS,Ottawa,0.18593419355772361
KS,Pawnee,0.13250521732791454
KS,Phillips,0.1841346318333117
KS,Pottawatomie,0.1090174800495742
KS,Pratt,0.083813488005887
KS,Rawlins,0.1349587762723135
KS,Reno,0.1870051580945513
KS,Republic,0.1841346318333117
KS,Rice,0.1534520917899538
KS,Riley,0.19405772484180775
KS,Rooks,0.1519940305966513
KS,Rush,0.12962082385825474
KS,Russell,0.14411354589497688
KS,Saline,0.1841346318333117
KS,Scott,0.134380897909284
KS,Sedgwick,0.1523476147374422
KS,Seward,0.1580538456073871
KS,Shawnee,0.1877337552821355
KS,Sheridan,0.134545
KS,Sherman,0.134545
KS,Smith,1.1011751452356773
KS,Stafford,0.17254720658426181
KS,Stanton,0.11152692280369356
KS,Stevens,0.14826158018769642
KS,Sumner,0.1523476147374422
KS,Thomas,0.134545
KS,Trego,0.12970287490361276
KS,Wabaunsee,0.1877337552821355
KS,Wallace,0.134545
KS,Washington,0.18593419355772361
KS,Wichita,0.1108
KS,Wilson,0.13136687764106775
KS,Woodson,0.17310792353604465
KS,Wyandotte,0.2818905094565048
KY,Adair,0.1542475975788667
KY,Allen,0.1612301529832563
KY,Anderson,0.1438853136573904
KY,Ballard,0.5028814795495502
KY,Barren,0.15185426359481313
KY,Bath,0.1663141835799076
KY,Bell,0.1414987432045533
KY,Boone,0.16345199967371304
KY,Bourbon,0.1663141835799076
KY,Boyd,0.16345199967371304
KY,Boyle,0.3141140273149405
KY,Bracken,0.18173981147802498
KY,Breathitt,0.1539852040980021
KY,Breckinridge,0.1256979189271349
KY,Bullitt,0.1256979189271349
KY,Butler,0.16345199967371304
KY,Caldwell,0.1641926152371986
KY,Calloway,0.1731978604824922
KY,Campbell,0.1663141835799076
KY,Carlisle,0.1663141835799076
KY,Carroll,0.1438853136573904
KY,Carter,0.15385687732576903
KY,Casey,0.16028089057938716
KY,Christian,0.16159395910258662
KY,Clark,0.1663141835799076
KY,Clay,0.1539852040980021
KY,Clinton,0.1577388752810615
KY,Crittenden,0.1652533994085531
KY,Cumberland,0.1542475975788667
KY,Daviess,0.1652533994085531
KY,Edmonson,0.13897427473132956
KY,Elliott,0.15113897644561974
KY,Estill,0.1663141835799076
KY,Fayette,0.18173981147802498
KY,Fleming,0.1663141835799076
KY,Floyd,0.702898524500551
KY,Franklin,0.1488475407445958
KY,Fulton,0.1728464135268756
KY,Gallatin,0.1663141835799076
KY,Garrard,0.18173981147802498
KY,Grant,0.18173981147802498
KY,Graves,0.17909716828158195
KY,Grayson,0.11866614240494319
KY,Green,0.11866614240494319
KY,Greenup,0.16977867815991
KY,Hancock,0.1284238076185993
KY,Hardin,0.1256979189271349
KY,Harlan,0.1612301529832563
KY,Harrison,0.18173981147802498
KY,Hart,0.11866614240494319
KY,Henderson,0.1652533994085531
KY,Henry,0.1663141835799076
KY,Hickman,0.1663141835799076
KY,Hopkins,0.16271138411022745
KY,Jackson,0.17557532173707224
KY,Jefferson,0.11435412424685495
KY,Jessamine,0.1663141835799076
KY,Johnson,0.702898524500551
KY,Kenton,0.16345199967371304
KY,Knott,0.702898524500551
KY,Knox,0.1180826973095764
KY,Larue,0.1256979189271349
KY,Laurel,0.1541164008384344
KY,Lawrence,0.4363386013302305
KY,Lee,0.1539852040980021
KY,Leslie,0.13533425346360056
KY,Letcher,0.116683302829199
KY,Lewis,0.17113346754995915
KY,Lincoln,0.16028089057938716
KY,Livingston,0.16967716828158197
KY,Logan,0.113760897909284
KY,Lyon,0.1652533994085531
KY,Madison,0.1663141835799076
KY,Magoffin,0.41769889961594026
KY,Marion,0.13678299416937215
KY,Marshall,0.1730765713412471
KY,Martin,0.702898524500551
KY,Mason,0.1663141835799076
KY,McCracken,0.1876737346252656
KY,McCreary,0.1542475975788667
KY,McLean,0.1652533994085531
KY,Meade,0.10917645946356744
KY,Menifee,0.1324992747313295
KY,Mercer,0.18173981147802498
KY,Metcalfe,0.1116343658827515
KY,Monroe,0.1612301529832563
KY,Montgomery,0.1663141835799076
KY,Morgan,0.41769889961594026
KY,Muhlenberg,0.1652533994085531
KY,Nelson,0.18173981147802498
KY,Nicholas,0.18173981147802498
KY,Ohio,0.1641926152371986
KY,Oldham,0.1438853136573904
KY,Owen,0.1438853136573904
KY,Owsley,0.1539852040980021
KY,Pendleton,0.18173981147802498
KY,Perry,0.16345199967371304
KY,Pike,0.16345199967371304
KY,Powell,0.1539852040980021
KY,Pulaski,0.1542475975788667
KY,Robertson,0.18173981147802498
KY,Rockcastle,0.16028089057938716
KY,Rowan,0.16804643086990878
KY,Russell,0.1542475975788667
KY,Scott,0.18173981147802498
KY,Shelby,0.131380897909284
KY,Simpson,0.06074
KY,Spencer,0.1438853136573904
KY,Taylor,0.14600605125352123
KY,Todd,0.16345199967371304
KY,Trigg,0.16345199967371304
KY,Trimble,0.1438853136573904
KY,Union,0.1652533994085531
KY,Warren,0.1438220206568699
KY,Washington,0.18173981147802498
KY,Wayne,0.1542475975788667
KY,Webster,0.1641926152371986
KY,Whitley,0.1218850850709159
KY,Wolfe,0.1432422394146658
KY,Woodford,0.1663141835799076
LA,Acadia,0.140945673431963
LA,Allen,0.1185078367159815
LA,Ascension,0.140945673431963
LA,Assumption,0.140945673431963
LA,Avoyelles,0.140945673431963
LA,Beauregard,0.140945673431963
LA,Bienville,0.140945673431963
LA,Bossier,0.140945673431963
LA,Caddo,0.4355617784456275
LA,Calcasieu,0.1185078367159815
LA,Caldwell,0.6746358914079809
LA,Cameron,0.09607
LA,Catahoula,0.1578437788176232
LA,Claiborne,0.140945673431963
LA,Concordia,0.4066118327171064
LA,DeSoto,0.2882537259387952
LA,East Baton Rouge,0.140945673431963
LA,East Carroll,0.1460441028355144
LA,East Feliciana,0.140945673431963
LA,Evangeline,0.140945673431963
LA,Franklin,0.4103399971217476
LA,Grant,0.4077907824199719
LA,Iberia,0.140945673431963
LA,Iberville,0.100655673431963
LA,Jackson,0.140945673431963
LA,Jefferson,0.140945673431963
LA,Jefferson Davis,0.108187164203767
LA,La Salle,0.4077907824199719
LA,Lafayette,0.140945673431963
LA,Lafourche,0.140945673431963
LA,Lincoln,0.1336467968415247
LA,Livingston,0.140945673431963
LA,Madison,0.1460441028355144
LA,Morehouse,0.1460441028355144
LA,Natchitoches,0.09672283671598149
LA,Orleans,0.140945673431963
LA,Ouachita,0.140945673431963
LA,Plaquemines,0.140945673431963
LA,Pointe Coupee,0.100655673431963
LA,Rapides,0.131300444524973
LA,Red River,0.140945673431963
LA,Richland,0.1460441028355144
LA,Sabine,0.140945673431963
LA,St  Helena,0.140945673431963
LA,St Bernard,0.140945673431963
LA,St Charles,0.140945673431963
LA,St James,0.140945673431963
LA,St John The Baptist,0.140945673431963
LA,St Landry,0.140945673431963
LA,St Martin,0.43065160036034517
LA,St Mary,0.390423822284774
LA,St Tammany,0.140945673431963
LA,Tangipahoa,0.140945673431963
LA,Tensas,0.4103399971217476
LA,Terrebonne,0.0531949260071535
LA,Union,0.140945673431963
LA,Vermilion,0.105
LA,Vernon,0.140945673431963
LA,Washington,0.140945673431963
LA,Webster,0.0698199719456902
LA,West Baton Rouge,0.100655673431963
LA,West Carroll,0.1460441028355144
LA,West Feliciana,0.140945673431963
LA,Winn,0.0485510458949769
MA,Barnstable,1.451802192576355
MA,Berkshire,0.8085631268848287
MA,Bristol,1.451802192576355
MA,Dukes,1.451802192576355
MA,Essex,0.709778894939374
MA,Franklin,1.451802192576355
MA,Hampden,0.156676122386605
MA,Hampshire,1.451802192576355
MA,Middlesex,0.8859880431222732
MA,Nantucket,0.8859880431222732
MA,Norfolk,0.8083400998975745
MA,Plymouth,0.8088489685707009
MA,Suffolk,1.451802192576355
MA,Worcester,0.17463047880165875
MD,Allegany,0.12075645138403601
MD,Anne Arundel,0.071085554043896
MD,Baltimore,0.071085554043896
MD,Baltimore City,0.071085554043896
MD,Calvert,0.071085554043896
MD,Caroline,0.12075645138403601
MD,Carroll,0.071085554043896
MD,Cecil,0.12075645138403601
MD,Charles,0.12075645138403601
MD,Dorchester,0.12075645138403601
MD,Frederick,0.0683955616513973
MD,Garrett,0.12075645138403601
MD,Harford,0.08124198863033735
MD,Howard,0.071085554043896
MD,Kent,0.12075645138403601
MD,Montgomery,0.18305240025724479
MD,Prince Georges,0.18305240025724479
MD,Queen Annes,0.12075645138403601
MD,Somerset,0.12075645138403601
MD,St Marys,0.12075645138403601
MD,Talbot,0.1501144795512933
MD,Washington,0.263697310823266
MD,Wicomico,0.12075645138403601
MD,Worcester,0.1178634336563164
ME,Androscoggin,0.4764435898179752
ME,Aroostook,1.2141873530925122
ME,Cumberland,0.4764435898179752
ME,Franklin,0.4764435898179752
ME,Hancock,1.3881591480014999
ME,Kennebec,0.4764435898179752
ME,Knox,0.4764435898179752
ME,Lincoln,0.4764435898179752
ME,Oxford,0.4764435898179752
ME,Penobscot,1.3881591480014999
ME,Piscataquis,1.3881591480014999
ME,Sagadahoc,0.4764435898179752
ME,Somerset,0.3102420193863086
ME,Waldo,1.3881591480014999
ME,Washington,2.2998747061850247
ME,York,0.4764435898179752
MI,Alcona,0.1795618841102275
MI,Alger,0.15577893880249222
MI,Allegan,0.1603140088770038
MI,Alpena,0.1795618841102275
MI,Antrim,1.0088234597729369
MI,Arenac,0.1795618841102275
MI,Baraga,0.1134
MI,Barry,0.5941926719415822
MI,Bay,0.1723022900296552
MI,Benzie,0.1795618841102275
MI,Berrien,0.1040355034817571
MI,Branch,0.1436478166976434
MI,Calhoun,0.1140563192926356
MI,Cass,0.09740554579618665
MI,Charlevoix,0.5713445666024499
MI,Cheboygan,1.0088234597729369
MI,Chippewa,0.1795618841102275
MI,Clare,0.5941926719415822
MI,Clinton,0.1795618841102275
MI,Crawford,1.0088234597729369
MI,Delta,0.1444738654523829
MI,Dickinson,0.2129191921591953
MI,Eaton,0.12926628020097655
MI,Emmet,0.141379753938734
MI,Genesee,0.1795618841102275
MI,Gladwin,0.1795618841102275
MI,Gogebic,0.30737164663578426
MI,Grand Traverse,0.568455611248036
MI,Gratiot,0.18309028381037365
MI,Hillsdale,1.985543828679936
MI,Houghton,0.0986386854457891
MI,Huron,0.07232999999999995
MI,Ingham,0.1795618841102275
MI,Ionia,0.1795618841102275
MI,Iosco,0.1795618841102275
MI,Iron,0.13128774367243162
MI,Isabella,0.1795618841102275
MI,Jackson,0.1795618841102275
MI,Kalamazoo,0.09740554579618665
MI,Kalkaska,1.0088234597729369
MI,Kent,0.6115867238059624
MI,Keweenaw,0.0986386854457891
MI,Lake,1.0088234597729369
MI,Lapeer,0.1795618841102275
MI,Leelanau,0.1280877627231351
MI,Lenawee,0.0996500867771006
MI,Livingston,0.1795618841102275
MI,Luce,0.1249762550739723
MI,Mackinac,0.1795618841102275
MI,Macomb,0.1795618841102275
MI,Manistee,1.0088234597729369
MI,Marquette,0.1593741455145839
MI,Mason,1.0088234597729369
MI,Mecosta,0.5941926719415822
MI,Menominee,0.1567948407375811
MI,Midland,0.1795618841102275
MI,Missaukee,1.0088234597729369
MI,Monroe,0.1040355034817571
MI,Montcalm,0.5941926719415822
MI,Montmorency,1.0088234597729369
MI,Muskegon,1.0088234597729369
MI,Newaygo,1.0088234597729369
MI,Oakland,0.1795618841102275
MI,Oceana,0.5788357604831197
MI,Ogemaw,0.1795618841102275
MI,Ontonagon,0.1196913138753905
MI,Osceola,0.5941926719415822
MI,Oscoda,1.0088234597729369
MI,Otsego,1.0088234597729369
MI,Ottawa,0.3237611079536278
MI,Presque Isle,0.1795618841102275
MI,Roscommon,0.1795618841102275
MI,Saginaw,0.1795618841102275
MI,Sanilac,0.0973740305966512
MI,Schoolcraft,0.15577893880249222
MI,Shiawassee,0.1795618841102275
MI,St Clair,0.1795618841102275
MI,St Joseph,0.1040355034817571
MI,Tuscola,0.0766599999999999
MI,Van Buren,0.11007939457619029
MI,Washtenaw,0.0952646700724441
MI,Wayne,1.627903664638761
MI,Wexford,1.0088234597729369
MN,Aitkin,0.16054128973476414
MN,Anoka,0.13338890777912024
MN,Becker,0.168352955479144
MN,Beltrami,0.2819044895464203
MN,Benton,0.1411871279499325
MN,Big Stone,0.1530512274758591
MN,Blue Earth,0.1411871279499325
MN,Brown,0.137980897909284
MN,Carlton,0.00105
MN,Carver,0.1411871279499325
MN,Cass,0.168352955479144
MN,Chippewa,0.1459761223866051
MN,Chisago,0.17804936755379985
MN,Clay,0.1414682846569818
MN,Clearwater,0.17832499145647934
MN,Cook,0.1361785101479445
MN,Cottonwood,0.1150445372840557
MN,Crow Wing,0.1411710483937586
MN,Dakota,0.1399761223866051
MN,Dodge,0.1411871279499325
MN,Douglas,0.1501175487960364
MN,Faribault,0.1423868673126327
MN,Fillmore,0.1540117876002611
MN,Freeborn,0.237767689382202
MN,Goodhue,0.1419820917899538
MN,Grant,0.15780061996637496
MN,Hennepin,0.125590687608308
MN,Houston,0.1546963154583042
MN,Hubbard,0.18216197248140986
MN,Isanti,0.14179441813428206
MN,Itasca,0.19170937945960273
MN,Jackson,0.12777970402861424
MN,Kanabec,0.1283648377154942
MN,Kandiyohi,0.1501175487960364
MN,Kittson,0.11768332632945296
MN,Koochiching,0.36515480454232574
MN,Lac Qui Parle,0.1163868673126328
MN,Lake,0.14160674447861035
MN,Lake of The Woods,0.5618207171007292
MN,Le Sueur,0.15765520284861115
MN,Lincoln,0.13358460986994314
MN,Lyon,0.16572935216043383
MN,Mahnomen,0.53070690074177
MN,Marshall,0.160678993429283
MN,Martin,0.11063177479851269
MN,McLeod,0.13648736742985573
MN,Meeker,0.22336370540273529
MN,Mille Lacs,0.2026004876795745
MN,Morrison,0.1141873635174788
MN,Mower,0.2642632272255629
MN,Murray,0.1281158326169941
MN,Nicollet,0.1411871279499325
MN,Nobles,0.1289880611933025
MN,Norman,0.1411871279499325
MN,Olmsted,0.2254258082811318
MN,Otter Tail,0.168352955479144
MN,Pennington,0.160678993429283
MN,Pine,0.22032001145404553
MN,Pipestone,0.1411871279499325
MN,Polk,0.160678993429283
MN,Pope,0.1501175487960364
MN,Ramsey,0.13374660088356038
MN,Red Lake,0.1114395373734709
MN,Redwood,0.13868281904893848
MN,Renville,0.13868281904893848
MN,Rice,0.14058162516826878
MN,Rock,0.0951117298687855
MN,Roseau,0.10079173938885341
MN,Scott,0.1454694819025884
MN,Sherburne,0.1411871279499325
MN,Sibley,0.1328794055584468
MN,St Louis,0.13337791320760967
MN,Stearns,0.17550221146830805
MN,Steele,0.19977580258545388
MN,Stevens,0.1729011211695874
MN,Swift,0.208628481738918
MN,Todd,0.1501175487960364
MN,Traverse,0.0622000813176588
MN,Wabasha,0.15095861703728244
MN,Wadena,0.1959709894836757
MN,Waseca,0.1517462072715056
MN,Washington,0.13374660088356038
MN,Watonwan,0.122880897909284
MN,Wilkin,0.1411871279499325
MN,Winona,0.19971754855668605
MN,Wright,0.1411871279499325
MN,Yellow Medicine,0.1411871279499325
MO,Adair,0.1830784593468947
MO,Andrew,0.117
MO,Atchison,0.117
MO,Audrain,0.15917561791957505
MO,Barry,0.136976122386605
MO,Barton,0.1859570202958891
MO,Bates,0.1364722994696801
MO,Benton,0.1859570202958891
MO,Bollinger,0.1484231376849307
MO,Boone,0.1493272316226871
MO,Buchanan,0.1601797040286143
MO,Butler,0.128976282232279
MO,Caldwell,0.1661678451447538
MO,Callaway,0.1646101290195657
MO,Camden,0.14844195948367134
MO,Cape Girardeau,0.1414761223866051
MO,Carroll,0.27847168681919193
MO,Carter,0.14459012188684872
MO,Cass,0.26126653394497723
MO,Cedar,0.15002851014794455
MO,Chariton,0.15166665126408405
MO,Christian,0.136976122386605
MO,Clark,0.16038809031508966
MO,Clay,0.2033594080572286
MO,Clinton,0.128976282232279
MO,Cole,0.14112082984642815
MO,Cooper,0.14112082984642815
MO,Crawford,0.1385701529832563
MO,Dade,0.136976122386605
MO,Dallas,0.25785983391297745
MO,Daviess,0.13722321760776765
MO,DeKalb,0.128976282232279
MO,Dent,0.1414761223866051
MO,Douglas,0.1253293315656004
MO,Dunklin,0.1885325419939867
MO,Franklin,0.1385701529832563
MO,Gasconade,0.13377321760776767
MO,Gentry,0.1454701529832563
MO,Greene,0.136976122386605
MO,Grundy,0.12154007649162815
MO,Harrison,0.13123507649162816
MO,Henry,0.1859570202958891
MO,Hickory,0.29499408898694973
MO,Holt,0.117
MO,Howard,0.1746675690934839
MO,Howell,0.1239675909568641
MO,Iron,0.13522620230944205
MO,Jackson,0.28177677871356305
MO,Jasper,0.136976122386605
MO,Jefferson,0.1385701529832563
MO,Johnson,0.3760472636308741
MO,Knox,0.1830784593468947
MO,Laclede,0.13719696407809057
MO,Lafayette,0.1811358400893369
MO,Lawrence,0.1475798482079658
MO,Lewis,0.5121639522166922
MO,Lincoln,0.0994881411161395
MO,Linn,0.1599135866395727
MO,Livingston,0.2607587083070652
MO,Macon,0.1743570202958891
MO,Madison,0.1320862703722979
MO,Maries,0.128976282232279
MO,Marion,0.1679582141765589
MO,McDonald,0.1296375995391501
MO,Mercer,0.1454701529832563
MO,Miller,0.14112082984642815
MO,Mississippi,0.14217321760776763
MO,Moniteau,0.1447017336257529
MO,Monroe,0.1679582141765589
MO,Montgomery,0.128976282232279
MO,Morgan,0.14112082984642815
MO,New Madrid,0.1325295434631529
MO,Newton,0.136976122386605
MO,Nodaway,0.117
MO,Oregon,0.14637187307092842
MO,Osage,0.128976282232279
MO,Ozark,0.1512183621622517
MO,Pemiscot,0.17400963721514928
MO,Perry,0.15377023290609332
MO,Pettis,0.1532653774605773
MO,Phelps,0.13417492850593532
MO,Pike,0.0994881411161395
MO,Platte,0.2033594080572286
MO,Polk,0.1859570202958891
MO,Pulaski,0.1362974118695222
MO,Putnam,0.1893544314210916
MO,Ralls,0.1465513458066489
MO,Randolph,0.17201760065449215
MO,Ray,0.1661678451447538
MO,Reynolds,0.13522620230944205
MO,Ripley,0.1537735931586005
MO,Saline,0.3760472636308741
MO,Schuyler,0.16038809031508966
MO,Scotland,0.1917998983979003
MO,Scott,0.128976282232279
MO,Shannon,0.1414761223866051
MO,Shelby,0.1679582141765589
MO,St Charles,0.0994881411161395
MO,St Clair,0.4040311576780104
MO,St Francois,0.1487038229169249
MO,St Louis,0.128976282232279
MO,St Louis City,0.10767879015318305
MO,Ste Genevieve,0.15377023290609332
MO,Stoddard,0.14217321760776763
MO,Stone,0.15022134686392605
MO,Sullivan,0.1454701529832563
MO,Taney,0.1389701529832563
MO,Texas,0.1186607841622352
MO,Vernon,0.14447851014794455
MO,Warren,0.128976282232279
MO,Washington,0.13377321760776767
MO,Wayne,0.1414761223866051
MO,Webster,0.4040311576780104
MO,Worth,0.117
MO,Wright,0.1116885101479445
MS,Adams,0.1693447547608991
MS,Alcorn,0.1856222136768025
MS,Amite,0.1693447547608991
MS,Attala,0.13753436743814207
MS,Benton,0.1581514179970099
MS,Bolivar,0.1510743315656004
MS,Calhoun,0.1571623788210709
MS,Carroll,0.1569701529832563
MS,Chickasaw,0.1571623788210709
MS,Choctaw,0.148152696267893
MS,Claiborne,0.1693447547608991
MS,Clarke,3.752731106220888
MS,Clay,0.14464366567124176
MS,Coahoma,0.2129377240008204
MS,Copiah,0.1693447547608991
MS,Covington,0.1227826050123659
MS,DeSoto,0.1451785101479445
MS,Forrest,1.937756855616627
MS,Franklin,0.1693447547608991
MS,George,1.1138211243979173
MS,Greene,2.4332761153094027
MS,Grenada,0.1569701529832563
MS,Hancock,3.752731106220888
MS,Harrison,2.4332761153094027
MS,Hinds,0.1693447547608991
MS,Holmes,0.12992265500287306
MS,Humphreys,0.6194289351313331
MS,Issaquena,1.08188771727941
MS,Itawamba,0.1693447547608991
MS,Jackson,1.1138211243979173
MS,Jasper,3.752731106220888
MS,Jefferson,0.1693447547608991
MS,Jefferson Davis,1.937756855616627
MS,Jones,3.752731106220888
MS,Kemper,0.1693447547608991
MS,Lafayette,0.1679713468639261
MS,Lamar,1.937756855616627
MS,Lauderdale,3.752731106220888
MS,Lawrence,0.1227826050123659
MS,Leake,3.752731106220888
MS,Lee,0.1252532856706235
MS,Leflore,0.1569701529832563
MS,Lincoln,0.1693447547608991
MS,Lowndes,0.142390897909284
MS,Madison,0.1244034396743773
MS,Marion,1.937756855616627
MS,Marshall,0.18226037174105214
MS,Monroe,0.1448676318960177
MS,Montgomery,0.1569701529832563
MS,Neshoba,1.926365553110444
MS,Newton,3.752731106220888
MS,Noxubee,0.14239589275844716
MS,Oktibbeha,0.1438324092367759
MS,Panola,0.1679713468639261
MS,Pearl River,1.937756855616627
MS,Perry,1.1138211243979173
MS,Pike,0.1693447547608991
MS,Pontotoc,0.18785704012299675
MS,Prentiss,0.1693447547608991
MS,Quitman,0.1451785101479445
MS,Rankin,0.1693447547608991
MS,Scott,3.752731106220888
MS,Sharkey,1.08188771727941
MS,Simpson,0.1693447547608991
MS,Smith,3.752731106220888
MS,Stone,1.1138211243979173
MS,Sunflower,0.1569701529832563
MS,Tallahatchie,0.1569701529832563
MS,Tate,0.1679713468639261
MS,Tippah,0.16304945381343
MS,Tishomingo,0.1706890784906535
MS,Tunica,0.1451785101479445
MS,Union,0.2063693254850944
MS,Walthall,0.1227826050123659
MS,Warren,1.08188771727941
MS,Washington,0.2340003059665126
MS,Wayne,2.4332761153094027
MS,Webster,0.1569701529832563
MS,Wilkinson,0.1693447547608991
MS,Winston,0.1573701529832563
MS,Yalobusha,0.16299343615509815
MS,Yazoo,0.06186
MT,Beaverhead,0.21075857004220824
MT,Big Horn,0.17538840040806575
MT,Blaine,0.2124403059665127
MT,Broadwater,0.21075857004220824
MT,Carbon,0.17067649759827885
MT,Carter,0.1899522447732101
MT,Cascade,0.7740106719282234
MT,Chouteau,0.49322548894736806
MT,Custer,0.1899522447732101
MT,Daniels,0.1539731376849307
MT,Dawson,0.13722612238660503
MT,Deer Lodge,0.21075857004220824
MT,Fallon,0.1899522447732101
MT,Fergus,0.2124403059665127
MT,Flathead,0.1354059744009122
MT,Gallatin,0.25667199704887456
MT,Garfield,0.1794641835799076
MT,Glacier,0.10205374127491565
MT,Golden Valley,0.7798100628078198
MT,Granite,0.10325195045391106
MT,Hill,0.1388900116472136
MT,Jefferson,0.21075857004220824
MT,Judith Basin,0.7740106719282234
MT,Lake,0.1193929287558135
MT,Lewis and Clark,0.356177422756502
MT,Liberty,0.3662576809473934
MT,Lincoln,0.13642158688945089
MT,Madison,0.21075857004220824
MT,McCone,0.1807141835799076
MT,Meagher,0.25667199704887456
MT,Mineral,0.10325195045391106
MT,Missoula,0.11899480155091804
MT,Musselshell,1.3310903220342376
MT,Park,0.1407989901989942
MT,Petroleum,0.8368722959338164
MT,Phillips,0.12365195045391106
MT,Pondera,0.3294214105750955
MT,Powder River,0.1899522447732101
MT,Powell,0.10325195045391106
MT,Prairie,0.1794641835799076
MT,Ravalli,0.1400027357892033
MT,Richland,0.13722612238660503
MT,Roosevelt,0.15272313768493068
MT,Rosebud,0.1794641835799076
MT,Sanders,0.1193929287558135
MT,Sheridan,0.1259820917899538
MT,Silver Bow,0.21075857004220824
MT,Stillwater,0.7658221635159006
MT,Sweet Grass,0.1788602881694053
MT,Teton,0.41967519462806896
MT,Toole,0.5200750559282742
MT,Treasure,0.7772221788142262
MT,Valley,0.12365195045391106
MT,Wheatland,0.7798100628078198
MT,Wibaux,0.1899522447732101
MT,Yellowstone,0.7772221788142262
NC,Alamance,0.164379610148014
NC,Alexander,0.477341371405938
NC,Alleghany,0.790303132663862
NC,Anson,0.332523937162322
NC,Ashe,0.790303132663862
NC,Avery,0.4567464437017713
NC,Beaufort,0.2635431701711284
NC,Bertie,0.1735337790307176
NC,Bladen,0.3749085317524268
NC,Brunswick,0.1735337790307176
NC,Buncombe,0.1789413468639261
NC,Burke,0.2362088786050579
NC,Cabarrus,0.1689566945893658
NC,Caldwell,0.3388560394191012
NC,Camden,0.1816489813053126
NC,Carteret,0.2316009634462882
NC,Caswell,0.164379610148014
NC,Catawba,0.2362088786050579
NC,Chatham,0.19799028679715108
NC,Cherokee,0.17028402744119997
NC,Chowan,0.1816489813053126
NC,Clay,0.164379610148014
NC,Cleveland,0.20029424437653595
NC,Columbus,0.3749085317524268
NC,Craven,0.3736327459133485
NC,Cumberland,0.1735337790307176
NC,Currituck,0.1816489813053126
NC,Dare,0.342834454208806
NC,Davidson,0.2399547880165877
NC,Davie,0.164379610148014
NC,Duplin,0.1702701529832563
NC,Durham,0.32695819851036567
NC,Edgecombe,0.2590728506538136
NC,Forsyth,0.1713689591025866
NC,Franklin,0.34430616887753496
NC,Gaston,0.27130014215182335
NC,Gates,0.1735337790307176
NC,Graham,0.164379610148014
NC,Granville,0.3269376671510593
NC,Greene,0.7898988590419677
NC,Guilford,0.20216719908230085
NC,Halifax,0.9180176307373928
NC,Harnett,0.2316009634462882
NC,Haywood,0.2821840624667911
NC,Henderson,0.164379610148014
NC,Hertford,0.1735337790307176
NC,Hoke,0.1584571286898386
NC,Hyde,0.342834454208806
NC,Iredell,0.6806053444022594
NC,Jackson,0.4345260102430073
NC,Johnston,0.3481908421411225
NC,Jones,0.2351303624398027
NC,Lee,0.2316009634462882
NC,Lenoir,0.4961017232711388
NC,Lincoln,0.2362088786050579
NC,Macon,0.4345260102430073
NC,Madison,0.30673367855346667
NC,Martin,0.1735337790307176
NC,McDowell,0.1789413468639261
NC,Mecklenburg,0.283315974919527
NC,Mitchell,0.207575112734492
NC,Montgomery,0.5006682641766299
NC,Moore,0.2316009634462882
NC,Nash,0.3315352829517174
NC,New Hanover,0.2316009634462882
NC,Northampton,0.3269376671510593
NC,Onslow,0.1702701529832563
NC,Orange,0.164379610148014
NC,Pamlico,0.5121351293868943
NC,Pasquotank,0.1897641835799076
NC,Pender,0.1702701529832563
NC,Perquimans,0.1816489813053126
NC,Person,0.1735337790307176
NC,Pitt,0.2995433583620489
NC,Polk,0.164379610148014
NC,Randolph,0.2316009634462882
NC,Richmond,0.5006682641766299
NC,Robeson,0.19185609825911348
NC,Rockingham,0.164379610148014
NC,Rowan,0.17906300020233962
NC,Rutherford,0.164379610148014
NC,Sampson,0.1702701529832563
NC,Scotland,0.5006682641766299
NC,Stanly,0.3373334269903033
NC,Stokes,0.1678742846253003
NC,Surry,0.1678742846253003
NC,Swain,0.164379610148014
NC,Transylvania,0.2994528101955106
NC,Tyrrell,0.1735337790307176
NC,Union,0.3525878842665328
NC,Vance,0.48493917107205914
NC,Wake,0.32695819851036567
NC,Warren,0.3269376671510593
NC,Washington,0.342834454208806
NC,Watauga,0.1231897547396806
NC,Wayne,0.39590500444414306
NC,Wilkes,0.1713689591025866
NC,Wilson,0.158864229336109
NC,Yadkin,0.1678742846253003
NC,Yancey,0.1789413468639261
ND,Adams,0.12468149484961889
ND,Barnes,0.2359283671598152
ND,Benson,0.1680501332980329
ND,Billings,0.12468149484961889
ND,Bottineau,0.0622000813176588
ND,Bowman,0.12468149484961889
ND,Burke,0.12468149484961889
ND,Burleigh,0.0622000813176588
ND,Cass,0.18855774755487384
ND,Cavalier,0.8423516222011054
ND,Dickey,0.19022234089924955
ND,Divide,0.1259820917899538
ND,Dunn,0.12468149484961889
ND,Eddy,0.9439402653730666
ND,Emmons,0.09178716578280019
ND,Foster,0.0622000813176588
ND,Golden Valley,0.12468149484961889
ND,Grand Forks,0.1450786404665944
ND,Grant,0.12468149484961889
ND,Griggs,0.9439402653730666
ND,Hettinger,0.12468149484961889
ND,Kidder,0.0622000813176588
ND,LaMoure,0.2073079574739957
ND,Logan,0.0622000813176588
ND,McHenry,0.10169360463379565
ND,McIntosh,0.13245159097565834
ND,McKenzie,0.0949880611933025
ND,McLean,0.123380897909284
ND,Mercer,0.1425548205569187
ND,Morton,0.12468149484961889
ND,Mountrail,0.0622000813176588
ND,Nelson,0.1071785101479445
ND,Oliver,0.12468149484961889
ND,Pembina,0.1109820917899538
ND,Pierce,0.0622000813176588
ND,Ramsey,0.8423516222011054
ND,Ransom,0.2073079574739957
ND,Renville,0.0622000813176588
ND,Richland,0.2073079574739957
ND,Rolette,0.0622000813176588
ND,Sargent,0.19022234089924955
ND,Sheridan,0.0940895942029691
ND,Sioux,0.12468149484961889
ND,Slope,0.12468149484961889
ND,Stark,0.12468149484961889
ND,Steele,0.9439402653730666
ND,Stutsman,0.13475401939582723
ND,Towner,0.0622000813176588
ND,Traill,0.1647498570118706
ND,Walsh,0.18431239275890293
ND,Ward,0.10169360463379565
ND,Wells,0.0622000813176588
ND,Williams,0.11048507649162814
NE,Adams,0.7392558905867377
NE,Antelope,0.1622820323559849
NE,Arthur,0.2205142060928154
NE,Banner,0.1857558264152194
NE,Blaine,0.1397841810811259
NE,Boone,0.1631814948496189
NE,Box Butte,0.1673913122273664
NE,Boyd,0.2088656301435226
NE,Brown,0.1673913122273664
NE,Buffalo,0.1673913122273664
NE,Burt,0.1505310329917927
NE,Butler,0.1639298141066953
NE,Cass,0.1673913122273664
NE,Cedar,0.1673913122273664
NE,Chase,0.29299614524050654
NE,Cherry,0.1733737130289652
NE,Cheyenne,0.1666232856706235
NE,Clay,0.7392558905867377
NE,Colfax,0.1575960949307777
NE,Cuming,0.168798909569909
NE,Custer,0.1587369291044572
NE,Dakota,0.1883340427644073
NE,Dawes,0.1462356394320502
NE,Dawson,0.1649168818586807
NE,Deuel,0.1673913122273664
NE,Dixon,0.1479955598018187
NE,Dodge,0.15688180738153407
NE,Douglas,0.1673913122273664
NE,Dundy,0.567399079216888
NE,Fillmore,0.15106527931989583
NE,Franklin,1.34377253476105
NE,Frontier,0.1648610540453358
NE,Furnas,0.1750226903720665
NE,Gage,0.1898942114280631
NE,Garden,0.2086650687286464
NE,Garfield,0.9413472676172467
NE,Gosper,0.1648610540453358
NE,Grant,0.18607376226905514
NE,Greeley,0.6988762926375675
NE,Hall,0.1673913122273664
NE,Hamilton,0.17994296824427414
NE,Harlan,0.1838146128025304
NE,Hayes,0.4014248430781375
NE,Hitchcock,0.1648610540453358
NE,Holt,0.16528640353849267
NE,Hooker,0.1766158268967464
NE,Howard,0.17054707394030572
NE,Jefferson,1.5938741618569017
NE,Johnson,0.0899789534807605
NE,Kearney,0.1842423598581922
NE,Keith,0.2086650687286464
NE,Keya Paha,0.1805013544551366
NE,Kimball,0.17993609309109826
NE,Knox,0.1125456561136832
NE,Lancaster,0.7235261994226968
NE,Lincoln,0.1648610540453358
NE,Logan,0.1397841810811259
NE,Loup,0.16014276776813124
NE,Madison,0.16528640353849267
NE,McPherson,0.18607376226905514
NE,Merrick,0.1695284056489427
NE,Morrill,0.1673913122273664
NE,Nance,0.7184953881007812
NE,Nemaha,0.1204052988424891
NE,Nuckolls,0.1347392464124253
NE,Otoe,0.14971869148879005
NE,Pawnee,0.1673913122273664
NE,Perkins,0.1686560780948524
NE,Phelps,0.7440084291304407
NE,Pierce,0.1631814948496189
NE,Platte,0.1631814948496189
NE,Polk,1.0594248966854265
NE,Red Willow,0.16612618313635108
NE,Richardson,0.1205733320866275
NE,Rock,0.17394633334125148
NE,Saline,0.20323045640572757
NE,Sarpy,0.1673913122273664
NE,Saunders,0.16222651158597956
NE,Scotts Bluff,0.1673913122273664
NE,Seward,0.8806327370421341
NE,Sheridan,0.19987732784217538
NE,Sherman,0.15358774665424613
NE,Sioux,0.1673913122273664
NE,Stanton,0.1631814948496189
NE,Thayer,0.1437660112778064
NE,Thomas,0.1397841810811259
NE,Thurston,0.1673913122273664
NE,Valley,0.1678891596039103
NE,Washington,0.1757941730511477
NE,Wayne,0.15839723468586386
NE,Webster,0.1684092427072959
NE,Wheeler,0.7181212284722429
NE,York,0.16566056316703084
NH,Belknap,0.2568137248218099
NH,Carroll,0.2568137248218099
NH,Cheshire,0.873646116382814
NH,Coos,0.873646116382814
NH,Grafton,0.7056130668402713
NH,Hillsborough,1.490478507943818
NH,Merrimack,0.2568137248218099
NH,Rockingham,0.2568137248218099
NH,Strafford,0.873646116382814
NH,Sullivan,0.873646116382814
NJ,Atlantic,0.5277666443042491
NJ,Bergen,0.4248184835469411
NJ,Burlington,0.5277666443042491
NJ,Camden,0.5277666443042491
NJ,Cape May,0.5277666443042491
NJ,Cumberland,0.3557116324621694
NJ,Essex,0.5780364102251372
NJ,Gloucester,0.5277666443042491
NJ,Hudson,0.5277666443042491
NJ,Hunterdon,0.5780364102251372
NJ,Mercer,0.5780364102251372
NJ,Middlesex,0.5780364102251372
NJ,Monmouth,0.5780364102251372
NJ,Morris,0.2210220664130714
NJ,Ocean,0.5277666443042491
NJ,Passaic,0.4248184835469411
NJ,Salem,0.5277666443042491
NJ,Somerset,0.5780364102251372
NJ,Sussex,0.5014274468860391
NJ,Union,0.5780364102251372
NJ,Warren,0.5780364102251372
NM,Bernalillo,0.1429761223866051
NM,Catron,0.1413986729205338
NM,Chaves,0.8040909559799159
NM,Cibola,0.14218739765356944
NM,Colfax,0.16835708532858112
NM,Curry,0.7593229961443668
NM,De Baca,0.6101444717293634
NM,Dona Ana,0.1667834435485463
NM,Eddy,0.3578166372338088
NM,Grant,0.1413986729205338
NM,Guadalupe,1.105706851668773
NM,Harding,0.1651411809579245
NM,Hidalgo,0.1413986729205338
NM,Lea,0.5024750602910587
NM,Lincoln,0.6235527622946534
NM,Los Alamos,0.13767704520889365
NM,Luna,0.1413986729205338
NM,McKinley,0.1429761223866051
NM,Mora,1.1153474863053399
NM,Otero,0.1444871529832563
NM,Quay,0.1651411809579245
NM,Rio Arriba,0.1959582141765589
NM,Roosevelt,0.7593229961443668
NM,San Juan,0.2816421102311657
NM,San Miguel,0.1937841607018069
NM,Sandoval,0.624341487027689
NM,Santa Fe,1.4007254330030285
NM,Sierra,0.14983298720045607
NM,Socorro,0.620093576318861
NM,Taos,0.1715729896992378
NM,Torrance,0.6235527622946534
NM,Union,0.1651411809579245
NM,Valencia,0.1429761223866051
NV,Carson City,0.13975929331978637
NV,Churchill,0.1724857216869461
NV,Clark,0.2451483053768527
NV,Douglas,0.13975929331978637
NV,Elko,0.10608686731263275
NV,Esmeralda,0.1792741835799076
NV,Eureka,0.108185673431963
NV,Humboldt,0.0293633346934934
NV,Lander,0.13975929331978637
NV,Lincoln,0.1357886581336374
NV,Lyon,0.13975929331978637
NV,Mineral,0.13975929331978637
NV,Nye,0.1437299285059353
NV,Pershing,0.13975929331978637
NV,Storey,0.13975929331978637
NV,Washoe,0.4020854777749826
NV,White Pine,0.108185673431963
NY,Albany,0.12306071882718354
NY,Allegany,0.08989674842432216
NY,Bronx,1.062768542572612
NY,Broome,0.0596469498847669
NY,Cattaraugus,0.0709905797817593
NY,Cayuga,1.0789876659796274
NY,Chautauqua,0.0771717920973855
NY,Chemung,0.5805496469929031
NY,Chenango,0.4729922909337083
NY,Clinton,0.5509132360494788
NY,Columbia,0.6352552979924159
NY,Cortland,0.5573938329898137
NY,Delaware,0.984510281925671
NY,Dutchess,0.6352552979924159
NY,Erie,0.05846345873704905
NY,Essex,0.5620124366720953
NY,Franklin,0.5741607882866826
NY,Fulton,0.6006257727654604
NY,Genesee,4.0392870999229515
NY,Greene,0.6352552979924159
NY,Hamilton,1.0789876659796274
NY,Herkimer,0.475166134134753
NY,Jefferson,0.0425973814427589
NY,Kings,1.062768542572612
NY,Lewis,0.5643919682114138
NY,Livingston,0.590134640608413
NY,Madison,1.0789876659796274
NY,Monroe,0.08908908280873284
NY,Montgomery,0.6006257727654604
NY,Nassau,0.1304471542810873
NY,New York,1.062768542572612
NY,Niagara,1.0789876659796274
NY,Oneida,0.6006257727654604
NY,Onondaga,0.5664923406389765
NY,Ontario,0.590134640608413
NY,Orange,0.6125645849533637
NY,Orleans,0.5581502869143463
NY,Oswego,0.6006257727654604
NY,Otsego,0.984510281925671
NY,Putnam,0.6352552979924159
NY,Queens,1.062768542572612
NY,Rensselaer,1.0789876659796274
NY,Richmond,1.062768542572612
NY,Rockland,0.6125645849533637
NY,Saratoga,1.0789876659796274
NY,Schenectady,0.6006257727654604
NY,Schoharie,0.8900328978717148
NY,Schuyler,0.1908840069965889
NY,Seneca,1.0789876659796274
NY,St Lawrence,0.7814452342085599
NY,Steuben,0.1908840069965889
NY,Suffolk,0.7580372240453342
NY,Sullivan,0.8457761254664955
NY,Tioga,0.5805496469929031
NY,Tompkins,0.5668562093121028
NY,Ulster,0.6352552979924159
NY,Warren,0.6006257727654604
NY,Washington,1.0789876659796274
NY,Wayne,0.590134640608413
NY,Westchester,1.0708781042761197
NY,Wyoming,0.056
NY,Yates,0.5649212360385555
OH,Adams,0.1607727158275937
OH,Allen,0.1607727158275937
OH,Ashland,0.22688919962734183
OH,Ashtabula,0.1607727158275937
OH,Athens,0.1165603586289293
OH,Auglaize,0.15596367418107165
OH,Belmont,0.1607727158275937
OH,Brown,0.44098713195696027
OH,Butler,0.4460060750121126
OH,Carroll,0.11887680686843885
OH,Champaign,1.5821693285321226
OH,Clark,0.7212015480863269
OH,Clermont,0.152976122386605
OH,Clinton,0.8825948872888929
OH,Columbiana,0.1607727158275937
OH,Coshocton,0.1755185101479445
OH,Crawford,0.15596367418107165
OH,Cuyahoga,0.8111655566170396
OH,Darke,0.1607727158275937
OH,Defiance,0.1607727158275937
OH,Delaware,0.1607727158275937
OH,Erie,0.1641872895048151
OH,Fairfield,0.1607727158275937
OH,Fayette,0.1607727158275937
OH,Franklin,0.29597949632711656
OH,Fulton,0.6663787231263989
OH,Gallia,0.1607727158275937
OH,Geauga,0.1607727158275937
OH,Greene,1.8826424704121065
OH,Guernsey,0.1607727158275937
OH,Hamilton,0.4460060750121126
OH,Hancock,0.15596367418107165
OH,Hardin,0.1663501529832563
OH,Harrison,0.1607727158275937
OH,Henry,0.1663501529832563
OH,Highland,0.44098713195696027
OH,Hocking,0.11887680686843885
OH,Holmes,0.1607727158275937
OH,Huron,0.1620244260263739
OH,Jackson,0.1353086999142853
OH,Jefferson,0.11887680686843885
OH,Knox,0.157221434405425
OH,Lake,0.1607727158275937
OH,Lawrence,0.1607727158275937
OH,Licking,0.1607727158275937
OH,Logan,0.3500820036814494
OH,Lorain,0.20519888082459786
OH,Lucas,0.9629957815885463
OH,Madison,0.1607727158275937
OH,Mahoning,0.1607727158275937
OH,Marion,0.15241239275890295
OH,Medina,0.1186862703722979
OH,Meigs,0.1607727158275937
OH,Mercer,0.25634650225195343
OH,Miami,1.4366440298794465
OH,Monroe,0.1386665372282615
OH,Montgomery,0.4460060750121126
OH,Morgan,0.1607727158275937
OH,Morrow,0.1536701529832563
OH,Muskingum,0.1681456129877691
OH,Noble,0.1386665372282615
OH,Ottawa,0.1310486098786542
OH,Paulding,0.15431083746509017
OH,Perry,0.1607727158275937
OH,Pickaway,0.44098713195696027
OH,Pike,0.1607727158275937
OH,Portage,0.1607727158275937
OH,Preble,0.3708405324976025
OH,Putnam,0.4163644380548276
OH,Richland,0.14310909970632057
OH,Ross,0.44098713195696027
OH,Sandusky,0.1607727158275937
OH,Scioto,0.1607727158275937
OH,Seneca,0.1663501529832563
OH,Shelby,0.5770335279649157
OH,Stark,0.0952267260321414
OH,Summit,0.12039741027845935
OH,Trumbull,0.1109148663131201
OH,Tuscarawas,0.121940049529699
OH,Union,0.1536701529832563
OH,Van Wert,0.1607727158275937
OH,Vinton,0.11887680686843885
OH,Warren,0.7268906142611368
OH,Washington,0.1386665372282615
OH,Wayne,0.0952267260321414
OH,Williams,0.3445249735084428
OH,Wood,0.19727177698884935
OH,Wyandot,0.15596367418107165
OK,Adair,0.1275440511028366
OK,Alfalfa,0.14867787358832563
OK,Atoka,0.1342557433301658
OK,Beaver,0.1545483174793519
OK,Beckham,0.16064252068572532
OK,Blaine,0.15877554818907194
OK,Bryan,0.1342557433301658
OK,Caddo,0.1632248370548156
OK,Canadian,0.1546874525433194
OK,Carter,0.3657159258647967
OK,Cherokee,0.15085923523130412
OK,Choctaw,0.1342557433301658
OK,Cimarron,0.1651411809579245
OK,Cleveland,0.14893365258978214
OK,Coal,0.1545483174793519
OK,Comanche,0.1632248370548156
OK,Cotton,0.1632248370548156
OK,Craig,0.2236267513423991
OK,Creek,0.1436731376849307
OK,Custer,0.158060204316635
OK,Delaware,0.1632248370548156
OK,Dewey,0.1563738284299772
OK,Ellis,0.1545483174793519
OK,Garfield,0.1541461888472705
OK,Garvin,0.1545483174793519
OK,Grady,0.15888657726708377
OK,Grant,0.1438634138136482
OK,Greer,0.158060204316635
OK,Harmon,0.1632248370548156
OK,Harper,0.1545483174793519
OK,Haskell,0.1545483174793519
OK,Hughes,0.15285893676113665
OK,Jackson,0.1324440304554998
OK,Jefferson,0.15888657726708377
OK,Johnston,0.15888657726708377
OK,Kay,0.1531785101479446
OK,Kingfisher,0.1545483174793519
OK,Kiowa,0.6225411660756361
OK,Latimer,0.15519749501903596
OK,Le Flore,0.1471701529832563
OK,Lincoln,0.1399701529832563
OK,Logan,0.1545483174793519
OK,Love,0.5648398868730308
OK,Major,0.1438634138136482
OK,Marshall,0.5648398868730308
OK,Mayes,0.1632248370548156
OK,McClain,0.1632248370548156
OK,McCurtain,0.4407840028891115
OK,McIntosh,0.1545483174793519
OK,Murray,0.1545483174793519
OK,Muskogee,0.15085923523130412
OK,Noble,0.1487085989500599
OK,Nowata,0.14792234578395225
OK,Okfuskee,0.1545483174793519
OK,Oklahoma,0.15461788501133567
OK,Okmulgee,0.1545483174793519
OK,Osage,0.1271589991392628
OK,Ottawa,0.1632248370548156
OK,Pawnee,0.1487085989500599
OK,Payne,0.1537440602151891
OK,Pittsburg,0.15519749501903596
OK,Pontotoc,0.15888657726708377
OK,Pottawatomie,0.1472592352313041
OK,Pushmataha,0.1308051060083056
OK,Roger Mills,0.16064252068572532
OK,Rogers,0.1551034644223847
OK,Seminole,0.1472592352313041
OK,Sequoyah,0.1275440511028366
OK,Stephens,0.1469282352313041
OK,Texas,0.1545483174793519
OK,Tillman,0.7671725877886542
OK,Tulsa,0.13915127162168875
OK,Wagoner,0.15888657726708377
OK,Washington,0.1326198545130889
OK,Washita,0.158060204316635
OK,Woods,0.1331785101479445
OK,Woodward,0.12382626135168895
OR,Baker,0.09884540555844686
OR,Benton,0.1085068076185993
OR,Clackamas,0.0931090473942459
OR,Clatsop,0.23139225006701641
OR,Columbia,0.15648860623219196
OR,Coos,0.3122517801052448
OR,Crook,0.13361431226838
OR,Curry,0.5147848409224038
OR,Deschutes,0.26085425019816655
OR,Douglas,0.4908892479421096
OR,Gilliam,0.1404325407445958
OR,Grant,0.13446836216225166
OR,Harney,0.047932
OR,Hood River,0.25288472753018054
OR,Jackson,0.30149843039992963
OR,Jefferson,0.4346079199581941
OR,Josephine,0.13361431226838
OR,Klamath,0.26085425019816655
OR,Lake,0.13361431226838
OR,Lane,0.13361431226838
OR,Lincoln,0.13361431226838
OR,Linn,0.12106055994348965
OR,Malheur,0.0386476673467467
OR,Marion,0.11209937571143011
OR,Morrow,0.1404325407445958
OR,Multnomah,0.1217248591632916
OR,Polk,0.114363345364657
OR,Sherman,0.1404325407445958
OR,Tillamook,0.2596426937278521
OR,Umatilla,0.1404325407445958
OR,Union,0.4298936956275816
OR,Wallowa,0.1304641835799076
OR,Wasco,0.28411111611328704
OR,Washington,0.1098354060582032
OR,Wheeler,0.1404325407445958
OR,Yamhill,0.18473904989302764
PA,Adams,0.3451158265034875
PA,Allegheny,0.6438499534277777
PA,Armstrong,0.1743570202958891
PA,Beaver,0.3451158265034875
PA,Bedford,0.1342964682887999
PA,Berks,0.5191103535702037
PA,Blair,0.1743570202958891
PA,Bradford,0.38985262008678323
PA,Bucks,0.9523330168603656
PA,Butler,0.2568212211812336
PA,Cambria,0.0821116280061789
PA,Cameron,0.26528953580895387
PA,Carbon,0.5708772988431061
PA,Centre,0.21361372725483319
PA,Chester,1.0299363058347977
PA,Clarion,0.21361372725483319
PA,Clearfield,0.0821116280061789
PA,Clinton,0.26528953580895387
PA,Columbia,0.6920596697557221
PA,Crawford,0.0821116280061789
PA,Cumberland,0.3381768115326625
PA,Dauphin,0.5851139104002706
PA,Delaware,1.4656306166104491
PA,Elk,0.209641719371074
PA,Erie,0.10420074001024299
PA,Fayette,0.2397061473961437
PA,Forest,0.0821116280061789
PA,Franklin,0.11378163447293715
PA,Fulton,0.3451158265034875
PA,Greene,0.3451158265034875
PA,Huntingdon,0.21361372725483319
PA,Indiana,0.128234324151034
PA,Jefferson,0.128234324151034
PA,Juniata,0.3381768115326625
PA,Lackawanna,0.9360204520702093
PA,Lancaster,0.39520801407728956
PA,Lawrence,0.15617320454363448
PA,Lebanon,0.3381768115326625
PA,Lehigh,0.5942419950591461
PA,Luzerne,0.9360204520702093
PA,Lycoming,0.3451158265034875
PA,McKean,0.1802223477538311
PA,Mercer,1.1402387634540194
PA,Mifflin,0.3381768115326625
PA,Monroe,0.5942419950591461
PA,Montgomery,0.4213722463920239
PA,Montour,0.5942419950591461
PA,Northampton,0.5942419950591461
PA,Northumberland,0.5942419950591461
PA,Perry,0.137288545603921
PA,Philadelphia,1.4656306166104491
PA,Pike,0.6285598796472522
PA,Potter,0.1854632451144203
PA,Schuylkill,0.5942419950591461
PA,Snyder,0.5942419950591461
PA,Somerset,0.11955526925381996
PA,Sullivan,0.5942419950591461
PA,Susquehanna,0.5942419950591461
PA,Tioga,0.4381394271915854
PA,Union,0.5942419950591461
PA,Venango,0.6111751957300992
PA,Warren,0.0821116280061789
PA,Washington,0.3451158265034875
PA,Wayne,0.3381768115326625
PA,Westmoreland,0.1543267442923445
PA,Wyoming,0.5942419950591461
PA,York,0.5942419950591461
RI,Bristol,1.0779403658805922
RI,Kent,1.0779403658805922
RI,Newport,1.0779403658805922
RI,Providence,1.0779403658805922
RI,Washington,0.6340993018144261
SC,Abbeville,0.164379610148014
SC,Aiken,0.1932421352665553
SC,Allendale,0.145880897909284
SC,Anderson,0.1585826417899885
SC,Bamberg,0.14090229375015495
SC,Barnwell,0.1932421352665553
SC,Beaufort,0.145880897909284
SC,Berkeley,0.1581072667345973
SC,Calhoun,0.1932421352665553
SC,Charleston,0.164379610148014
SC,Cherokee,0.21497829008056055
SC,Chester,0.1668397707079343
SC,Chesterfield,0.135285673431963
SC,Clarendon,0.1681681376849307
SC,Colleton,0.143
SC,Darlington,0.164379610148014
SC,Dillon,0.164379610148014
SC,Dorchester,0.143
SC,Edgefield,0.17881087270728463
SC,Fairfield,0.16560969042797413
SC,Florence,0.1593720917899538
SC,Georgetown,0.1593720917899538
SC,Greenville,0.164379610148014
SC,Greenwood,0.164379610148014
SC,Hampton,0.145880897909284
SC,Horry,0.5152814671227623
SC,Jasper,0.145880897909284
SC,Kershaw,0.1668397707079343
SC,Lancaster,0.1498326417899885
SC,Laurens,0.164379610148014
SC,Lee,0.2132817302290122
SC,Lexington,0.1932421352665553
SC,Marion,0.164379610148014
SC,Marlboro,0.1457791356859053
SC,McCormick,0.164379610148014
SC,Newberry,0.1637760754463049
SC,Oconee,0.2049523404600585
SC,Orangeburg,0.16526211352825454
SC,Pickens,0.164379610148014
SC,Richland,0.1668397707079343
SC,Saluda,0.17881087270728463
SC,Spartanburg,0.164379610148014
SC,Sumter,0.2132817302290122
SC,Union,0.164379610148014
SC,Williamsburg,0.1593720917899538
SC,York,0.1668397707079343
SD,Aurora,0.1506067624299115
SD,Beadle,0.3107824027540299
SD,Bennett,0.179356113830564
SD,Bon Homme,0.1910977253519191
SD,Brookings,0.1315892550739723
SD,Brown,0.0915148670956325
SD,Brule,0.1835728110083936
SD,Buffalo,0.4484280811835565
SD,Butte,0.1357767193269399
SD,Campbell,0.15465568999538643
SD,Charles Mix,0.1835728110083936
SD,Clark,0.13232579571006794
SD,Clay,0.7546383113516453
SD,Codington,0.1317383314571003
SD,Corson,0.1186019472464778
SD,Custer,0.4004812674743746
SD,Davison,0.0915148670956325
SD,Day,0.0915148670956325
SD,Deuel,0.0915148670956325
SD,Dewey,0.15465568999538643
SD,Douglas,0.1835728110083936
SD,Edmunds,0.13232579571006794
SD,Fall River,0.1636572965820514
SD,Faulk,0.1731367243245034
SD,Grant,0.1144874642529676
SD,Gregory,0.07
SD,Haakon,0.66908588095816
SD,Hamlin,0.10495027026379775
SD,Hand,0.1410153774605773
SD,Hanson,0.1163509975227825
SD,Harding,0.15295316557486371
SD,Hughes,0.1118021265607679
SD,Hutchinson,0.1163509975227825
SD,Hyde,0.2699714741395945
SD,Jackson,0.42422099739436203
SD,Jerauld,0.0915148670956325
SD,Jones,0.15465568999538643
SD,Kingsbury,0.8830688861047822
SD,Lake,0.1411871279499325
SD,Lawrence,0.1636572965820514
SD,Lincoln,0.1411871279499325
SD,Lyman,0.15465568999538643
SD,Marshall,0.0915148670956325
SD,McCook,0.1411871279499325
SD,McPherson,0.1731367243245034
SD,Meade,0.15635821441590914
SD,Mellette,0.179356113830564
SD,Miner,0.1632631620595404
SD,Minnehaha,0.9263433613365828
SD,Moody,0.1315923134075122
SD,Oglala Lakota,0.1733737130289652
SD,Pennington,0.6373052383666978
SD,Perkins,0.1159540863765173
SD,Potter,0.15465568999538643
SD,Roberts,0.11848089790928405
SD,Sanborn,0.1411871279499325
SD,Spink,0.1731367243245034
SD,Stanley,0.1229820917899538
SD,Sully,0.4484280811835565
SD,Todd,0.179356113830564
SD,Tripp,1.2834271311554506
SD,Turner,0.13958162516826877
SD,Union,0.16247678625413986
SD,Walworth,0.15465568999538643
SD,Yankton,0.1744641835799076
SD,Ziebach,0.39251998366733865
TN,Anderson,0.1763100821731495
TN,Bedford,0.1465891725018381
TN,Benton,0.1824109772606748
TN,Bledsoe,0.17013289032950896
TN,Blount,0.1531832030984893
TN,Bradley,0.1071181826013959
TN,Campbell,0.1531356207068456
TN,Cannon,0.15826173487514375
TN,Carroll,0.1621087432045533
TN,Carter,0.133813245612598
TN,Cheatham,0.1451117933197863
TN,Chester,0.1713677652219168
TN,Claiborne,0.1449232856706235
TN,Clay,0.1612301529832563
TN,Cocke,0.16297257631113776
TN,Coffee,0.1605525407445958
TN,Crockett,0.1448530243807423
TN,Cumberland,0.159917770941442
TN,Davidson,0.159917770941442
TN,DeKalb,0.1559709290056917
TN,Decatur,1.428531150443457
TN,Dickson,0.1451117933197863
TN,Dyer,0.8897227205084877
TN,Fayette,0.159917770941442
TN,Fentress,0.159917770941442
TN,Franklin,0.1649644665018712
TN,Gibson,0.14704636420467831
TN,Giles,0.18947312463550858
TN,Grainger,0.1552849285059353
TN,Greene,0.1388714948496189
TN,Grundy,0.16220117350135074
TN,Hamblen,0.1506661223866051
TN,Hamilton,0.1638498062581057
TN,Hancock,0.1449232856706235
TN,Hardeman,0.1713677652219168
TN,Hardin,0.1713677652219168
TN,Hawkins,0.1449232856706235
TN,Haywood,0.1365705427870224
TN,Henderson,0.7870174425343612
TN,Henry,0.159917770941442
TN,Hickman,0.1763454342948482
TN,Houston,0.1763454342948482
TN,Humphreys,0.2075790752699101
TN,Jackson,0.1612301529832563
TN,Jefferson,0.1552849285059353
TN,Johnson,0.1231897547396806
TN,Knox,0.20499519406983105
TN,Lake,0.1448530243807423
TN,Lauderdale,0.14955522429851686
TN,Lawrence,0.16536589057938716
TN,Lewis,0.2075790752699101
TN,Lincoln,0.18947312463550858
TN,Loudon,0.159917770941442
TN,Macon,0.1612301529832563
TN,Madison,0.1534808837926478
TN,Marion,0.1638498062581057
TN,Marshall,0.1921680350944584
TN,Maury,0.1559709290056917
TN,McMinn,0.16993770838764588
TN,McNairy,0.1713677652219168
TN,Meigs,0.159917770941442
TN,Monroe,0.159917770941442
TN,Montgomery,0.15482556101281203
TN,Moore,0.137760897909284
TN,Morgan,0.1755346071576672
TN,Obion,0.1448530243807423
TN,Overton,0.1612301529832563
TN,Perry,0.2075790752699101
TN,Pickett,0.1542475975788667
TN,Polk,0.1473670235166325
TN,Putnam,0.15684933156560038
TN,Rhea,0.17013289032950896
TN,Roane,0.1755346071576672
TN,Robertson,0.159917770941442
TN,Rutherford,0.1559709290056917
TN,Scott,0.15809552258650755
TN,Sequatchie,0.1638498062581057
TN,Sevier,0.15370052544627016
TN,Shelby,0.159917770941442
TN,Smith,0.15860054099447402
TN,Stewart,0.159917770941442
TN,Sullivan,0.1444367364855154
TN,Sumner,0.1612301529832563
TN,Tipton,0.1751141835799076
TN,Trousdale,0.15860054099447402
TN,Unicoi,0.1444367364855154
TN,Union,0.17774722813710395
TN,Van Buren,0.16220117350135074
TN,Warren,0.1550745106477009
TN,Washington,0.17740951775517974
TN,Wayne,0.1682589591025866
TN,Weakley,0.1448530243807423
TN,White,0.1505067193269399
TN,Williamson,0.15262933156560043
TN,Wilson,0.1559709290056917
TX,Anderson,0.5437838764104033
TX,Andrews,1.1726673616992775
TX,Angelina,0.5437838764104033
TX,Aransas,0.2679453771776005
TX,Archer,1.0103531404338262
TX,Armstrong,1.0727159880677883
TX,Atascosa,0.25492946646877257
TX,Austin,0.1054243601632263
TX,Bailey,0.8379871797242744
TX,Bandera,0.1609031529832563
TX,Bastrop,0.10768075507397226
TX,Baylor,0.9388487857711958
TX,Bee,0.1802183315656004
TX,Bell,0.137717122386605
TX,Bexar,0.1541865101479445
TX,Blanco,0.5196843374372357
TX,Borden,1.287033882641428
TX,Bosque,0.6551922420429412
TX,Bowie,0.7183431687234074
TX,Brazoria,0.2436185531908579
TX,Brazos,1.3886440980000563
TX,Brewster,0.5760034999738773
TX,Briscoe,0.8401084307039963
TX,Brooks,0.25618390012508896
TX,Brown,0.5545577601982307
TX,Burleson,0.6809881666067858
TX,Burnet,1.1726673616992775
TX,Caldwell,0.16075842875581345
TX,Calhoun,0.3556724227896006
TX,Callahan,0.1702667346252656
TX,Cameron,0.1566953774605773
TX,Camp,0.086256897909284
TX,Carson,1.4040639004987798
TX,Cass,0.086256897909284
TX,Castro,0.506639267293283
TX,Chambers,0.2436185531908579
TX,Cherokee,0.5437838764104033
TX,Childress,0.5519139464297376
TX,Clay,0.9022554490038965
TX,Cochran,0.5024750602910587
TX,Coke,0.9388487857711958
TX,Coleman,0.5414259772762671
TX,Collin,0.1671821529832563
TX,Collingsworth,0.1649791070882794
TX,Colorado,0.2436185531908579
TX,Comal,0.12167590082444024
TX,Comanche,0.1702667346252656
TX,Concho,0.8099414175846944
TX,Cooke,0.6518846925297477
TX,Coryell,0.137717122386605
TX,Cottle,0.9388487857711958
TX,Crane,1.0557580737352366
TX,Crockett,0.6810340493981931
TX,Crosby,0.7845215037935296
TX,Culberson,0.6929127879379182
TX,Dallam,0.1651411809579245
TX,Dallas,0.1345147805202425
TX,Dawson,1.1726673616992775
TX,DeWitt,0.25492946646877257
TX,Deaf Smith,0.1259820917899538
TX,Delta,0.160296122386605
TX,Denton,0.6318435363085154
TX,Dickens,0.5519139464297376
TX,Dimmit,0.28441531848307977
TX,Donley,0.7845215037935296
TX,Duval,0.3556724227896006
TX,Eastland,0.9388487857711958
TX,Ector,1.1726673616992775
TX,Edwards,0.5183532360938968
TX,El Paso,0.2131582141765589
TX,Ellis,0.65359107110976
TX,Erath,1.1726673616992775
TX,Falls,0.6551922420429412
TX,Fannin,0.1671821529832563
TX,Fayette,0.12
TX,Fisher,1.1726673616992775
TX,Floyd,0.1649791070882794
TX,Foard,1.0103531404338262
TX,Fort Bend,0.2436185531908579
TX,Franklin,0.0757767652219168
TX,Freestone,0.8582256190548404
TX,Frio,0.25492946646877257
TX,Gaines,0.9142639009002715
TX,Galveston,0.2436185531908579
TX,Garza,1.4014004035835788
TX,Gillespie,0.5450662683471499
TX,Glasscock,1.1726673616992775
TX,Goliad,0.16720242085677245
TX,Gonzales,0.1104130966939158
TX,Gray,1.4040639004987798
TX,Grayson,0.41804234111449273
TX,Gregg,0.086256897909284
TX,Grimes,1.599408015165099
TX,Guadalupe,0.140407122386605
TX,Hale,0.741368075636797
TX,Hall,0.5519139464297376
TX,Hamilton,0.1271996070882794
TX,Hansford,0.1512731376849307
TX,Hardeman,1.0103531404338262
TX,Hardin,0.1393838826109584
TX,Harris,0.2436185531908579
TX,Harrison,0.26090933817745576
TX,Hartley,0.1651411809579245
TX,Haskell,0.9388487857711958
TX,Hays,0.0081
TX,Hemphill,0.7776685190918553
TX,Henderson,0.6627457420429412
TX,Hidalgo,0.3556724227896006
TX,Hill,0.65359107110976
TX,Hockley,1.0299621703000228
TX,Hood,0.1412835841407909
TX,Hopkins,0.6242220634605972
TX,Houston,0.8582256190548404
TX,Howard,1.1726673616992775
TX,Hudspeth,0.2131582141765589
TX,Hunt,0.1671821529832563
TX,Hutchinson,0.1512731376849307
TX,Irion,0.9388487857711958
TX,Jack,0.6318435363085154
TX,Jackson,0.24803977258810278
TX,Jasper,0.1356814948496189
TX,Jeff Davis,0.5760034999738773
TX,Jefferson,0.5196843374372357
TX,Jim Hogg,0.3556724227896006
TX,Jim Wells,0.2679453771776005
TX,Johnson,0.65359107110976
TX,Jones,1.1701245946773873
TX,Karnes,0.25492946646877257
TX,Kaufman,0.152824122386605
TX,Kendall,0.14992293539160712
TX,Kenedy,0.25618390012508896
TX,Kent,1.1726673616992775
TX,Kerr,0.4344997019538082
TX,Kimble,0.9388487857711958
TX,King,0.5210154387805748
TX,Kinney,0.28441531848307977
TX,Kleberg,0.3556724227896006
TX,Knox,0.5210154387805748
TX,La Salle,0.25492946646877257
TX,Lamar,0.1671821529832563
TX,Lamb,0.8379871797242744
TX,Lampasas,0.1364638826109584
TX,Lavaca,0.0765615101479445
TX,Lee,0.10542777037229789
TX,Leon,0.8582256190548404
TX,Liberty,0.1393838826109584
TX,Limestone,1.1726673616992775
TX,Lipscomb,0.7776685190918553
TX,Live Oak,0.1802183315656004
TX,Llano,0.2352870064637339
TX,Loving,1.1726673616992775
TX,Lubbock,0.683154561289004
TX,Lynn,1.1726673616992775
TX,Madison,1.071595945787751
TX,Marion,0.086256897909284
TX,Martin,0.9142639009002715
TX,Mason,0.9388487857711958
TX,Matagorda,0.2996454879902293
TX,Maverick,0.28441531848307977
TX,McCulloch,0.9388487857711958
TX,McLennan,0.137717122386605
TX,McMullen,0.1802183315656004
TX,Medina,0.1609031529832563
TX,Menard,0.9388487857711958
TX,Midland,1.2883656310990288
TX,Milam,0.6551922420429412
TX,Mills,0.17530483199119384
TX,Mitchell,1.287033882641428
TX,Montague,0.9022554490038965
TX,Montgomery,0.2436185531908579
TX,Moore,0.7660247869653714
TX,Morris,0.086256897909284
TX,Motley,0.9388487857711958
TX,Nacogdoches,0.1483901376849307
TX,Navarro,1.1726673616992775
TX,Newton,0.1319791070882794
TX,Nolan,1.1726673616992775
TX,Nueces,0.2679453771776005
TX,Ochiltree,0.7776685190918553
TX,Oldham,0.1269838826109584
TX,Orange,0.5196843374372357
TX,Palo Pinto,0.6379247267446156
TX,Panola,0.28377044276695346
TX,Parker,0.36751281404923464
TX,Parmer,0.1989462753698614
TX,Pecos,0.8099414175846944
TX,Polk,0.14368597190213045
TX,Potter,0.7660247869653714
TX,Presidio,0.5760034999738773
TX,Rains,0.0757767652219168
TX,Randall,1.0727159880677883
TX,Reagan,0.9388487857711958
TX,Real,0.2582877878864285
TX,Red River,0.6664817420429413
TX,Reeves,0.9388487857711958
TX,Refugio,0.2679453771776005
TX,Roberts,0.7776685190918553
TX,Robertson,0.1670738826109584
TX,Rockwall,0.6242220634605972
TX,Runnels,0.536409469377226
TX,Rusk,0.14018462238660506
TX,Sabine,0.12971270488735515
TX,San Augustine,0.1319791070882794
TX,San Jacinto,0.1393838826109584
TX,San Patricio,0.2679453771776005
TX,San Saba,0.1166820917899538
TX,Schleicher,0.8099414175846944
TX,Scurry,1.287033882641428
TX,Shackelford,1.0557580737352366
TX,Shelby,0.13164697955129323
TX,Sherman,0.7660247869653714
TX,Smith,0.1483901376849307
TX,Somervell,1.1726673616992775
TX,Starr,0.25618390012508896
TX,Stephens,0.9388487857711958
TX,Sterling,1.0557580737352366
TX,Stonewall,0.9388487857711958
TX,Sutton,0.8099414175846944
TX,Swisher,0.4531735913625382
TX,Tarrant,0.6379247267446156
TX,Taylor,0.536409469377226
TX,Terrell,0.2131582141765589
TX,Terry,0.9142639009002715
TX,Throckmorton,0.9388487857711958
TX,Titus,0.5196843374372357
TX,Tom Green,0.8099414175846944
TX,Travis,1.219173141617549
TX,Trinity,0.5437838764104033
TX,Tyler,0.1393838826109584
TX,Upshur,0.086256897909284
TX,Upton,0.9388487857711958
TX,Uvalde,0.2131582141765589
TX,Val Verde,0.3556724227896006
TX,Van Zandt,0.152824122386605
TX,Victoria,0.24803977258810278
TX,Walker,0.5437838764104033
TX,Waller,0.2436185531908579
TX,Ward,1.1726673616992775
TX,Washington,0.0765615101479445
TX,Webb,0.28441531848307977
TX,Wharton,0.2996454879902293
TX,Wheeler,0.7776685190918553
TX,Wichita,1.127262428397867
TX,Wilbarger,1.0818574950964566
TX,Willacy,0.25618390012508896
TX,Williamson,1.1726673616992775
TX,Wilson,0.25492946646877257
TX,Winkler,1.1726673616992775
TX,Wise,0.4044598293475602
TX,Wood,0.086256897909284
TX,Yoakum,0.6558604401012657
TX,Young,1.1726673616992775
TX,Zapata,0.3556724227896006
TX,Zavala,0.28441531848307977
UT,Beaver,0.09980715613419
UT,Box Elder,0.1039880611933025
UT,Cache,0.8027470526267767
UT,Carbon,0.888492210257634
UT,Daggett,0.8223305068027105
UT,Davis,0.7625069434777797
UT,Duchesne,0.11614805279408315
UT,Emery,0.13361431226838
UT,Garfield,0.478970703335571
UT,Grand,0.13361431226838
UT,Iron,0.13514695896338905
UT,Juab,0.1208999928501715
UT,Kane,0.8243270944027621
UT,Millard,0.1280148294971873
UT,Morgan,0.42675814170298254
UT,Piute,0.478970703335571
UT,Rich,0.13361431226838
UT,Salt Lake,0.7511323226572779
UT,San Juan,0.2685346086082925
UT,Sanpete,0.12210203505755615
UT,Sevier,0.13361431226838
UT,Summit,0.8397967662770073
UT,Tooele,0.1208999928501715
UT,Uintah,0.11614805279408315
UT,Utah,0.13361431226838
UT,Wasatch,0.11614805279408315
UT,Washington,0.44108420158223643
UT,Wayne,0.8243270944027621
UT,Weber,0.13361431226838
VA,Accomack,0.1735337790307176
VA,Albemarle,0.1255274934246097
VA,Alexandria City,0.1735337790307176
VA,Alleghany,0.1570261004435014
VA,Amelia,0.11876598329050155
VA,Amherst,0.1255274934246097
VA,Appomattox,0.0775212078185018
VA,Arlington,0.1735337790307176
VA,Augusta,0.1570261004435014
VA,Bath,0.1570261004435014
VA,Bedford,0.1255274934246097
VA,Bland,0.0775212078185018
VA,Botetourt,0.1255274934246097
VA,Bristol City,0.1499834755545453
VA,Brunswick,0.1735337790307176
VA,Buchanan,0.0775212078185018
VA,Buckingham,0.0775212078185018
VA,Buena Vista City,0.1735337790307176
VA,Campbell,0.0775212078185018
VA,Caroline,0.1735337790307176
VA,Carroll,0.1255274934246097
VA,Charles City,0.1735337790307176
VA,Charlotte,0.1735337790307176
VA,Charlottesville City,0.1735337790307176
VA,Chesapeake City,0.1735337790307176
VA,Chesterfield,0.11876598329050155
VA,Clarke,0.17411121852263867
VA,Colonial Heights City,0.1735337790307176
VA,Covington City,0.1735337790307176
VA,Craig,0.0775212078185018
VA,Culpeper,0.2357880908923738
VA,Cumberland,0.11876598329050155
VA,Danville City,1.0838702512018183
VA,Dickenson,0.1219176956992047
VA,Dinwiddie,0.1735337790307176
VA,Emporia City,0.1735337790307176
VA,Essex,0.1735337790307176
VA,Fairfax,0.17411121852263867
VA,Fairfax City,0.1735337790307176
VA,Falls Church City,0.1735337790307176
VA,Fauquier,0.17411121852263867
VA,Floyd,0.0775212078185018
VA,Fluvanna,0.1255274934246097
VA,Franklin,0.1255274934246097
VA,Franklin City,0.8429634906955016
VA,Frederick,0.1735337790307176
VA,Fredericksburg City,0.1735337790307176
VA,Galax City,0.0775212078185018
VA,Giles,0.0775212078185018
VA,Gloucester,0.1735337790307176
VA,Goochland,0.1735337790307176
VA,Grayson,0.0775212078185018
VA,Greene,0.1735337790307176
VA,Greensville,0.3269376671510593
VA,Halifax,0.480341555271401
VA,Hampton City,0.1735337790307176
VA,Hanover,0.1735337790307176
VA,Harrisonburg City,0.1735337790307176
VA,Henrico,0.1735337790307176
VA,Henry,0.4245492302072863
VA,Highland,0.1405184218562852
VA,Hopewell City,0.1735337790307176
VA,Isle of Wight,0.5082486348631096
VA,James City,0.1735337790307176
VA,King George,0.1735337790307176
VA,King William,0.1735337790307176
VA,King and Queen,0.1735337790307176
VA,Lancaster,0.1735337790307176
VA,Lee,0.15561873462526554
VA,Lexington City,0.1735337790307176
VA,Loudoun,0.17411121852263867
VA,Louisa,0.1735337790307176
VA,Lunenburg,0.1735337790307176
VA,Lynchburg City,0.0775212078185018
VA,Madison,0.1735337790307176
VA,Manassas City,0.7485227760628794
VA,Manassas Park City,0.1746886580145597
VA,Martinsville City,0.675564681383855
VA,Mathews,0.1735337790307176
VA,Mecklenburg,0.1735337790307176
VA,Middlesex,0.1735337790307176
VA,Montgomery,0.41400716905933505
VA,Nelson,0.1255274934246097
VA,New Kent,0.1735337790307176
VA,Newport News City,0.1735337790307176
VA,Norfolk City,0.1735337790307176
VA,Northampton,0.1735337790307176
VA,Northumberland,0.1735337790307176
VA,Norton city,0.1663141835799076
VA,Nottoway,0.1735337790307176
VA,Orange,0.1735337790307176
VA,Page,0.1735337790307176
VA,Patrick,0.58069572951016
VA,Petersburg City,0.1735337790307176
VA,Pittsylvania,0.1735337790307176
VA,Poquoson City,0.1735337790307176
VA,Portsmouth City,0.1735337790307176
VA,Powhatan,0.11876598329050155
VA,Prince Edward,0.11876598329050155
VA,Prince George,0.1735337790307176
VA,Prince William,0.17411121852263867
VA,Pulaski,0.0775212078185018
VA,Radford City,0.1735337790307176
VA,Rappahannock,0.1735337790307176
VA,Richmond,0.1735337790307176
VA,Richmond City,0.1735337790307176
VA,Roanoke,0.0775212078185018
VA,Roanoke City,0.0775212078185018
VA,Rockbridge,0.1570261004435014
VA,Rockingham,0.1735337790307176
VA,Russell,0.1219176956992047
VA,Salem City,0.1735337790307176
VA,Scott,0.1474533806125844
VA,Shenandoah,0.1735337790307176
VA,Smyth,0.0775212078185018
VA,Southampton,0.480341555271401
VA,Spotsylvania,0.1735337790307176
VA,Stafford,0.17411121852263867
VA,Staunton City,0.1735337790307176
VA,Suffolk City,0.1735337790307176
VA,Surry,0.1735337790307176
VA,Sussex,0.160211321901189
VA,Tazewell,0.1255274934246097
VA,Virginia Beach City,0.1735337790307176
VA,Warren,0.15139515585978375
VA,Washington,0.11375234168652355
VA,Waynesboro City,0.1735337790307176
VA,Westmoreland,0.1735337790307176
VA,Williamsburg City,0.1735337790307176
VA,Winchester City,0.1735337790307176
VA,Wise,0.1449232856706235
VA,Wythe,0.0775212078185018
VA,York,0.1735337790307176
VT,Addison,0.2164098242779401
VT,Bennington,0.2206629103478471
VT,Caledonia,0.202407882787295
VT,Chittenden,0.2164098242779401
VT,Essex,0.2121567382080331
VT,Franklin,0.2121567382080331
VT,Grand Isle,0.2121567382080331
VT,Lamoille,0.217881781880736
VT,Orange,0.206660968857202
VT,Orleans,0.19072384275009716
VT,Rutland,0.2206629103478471
VT,Washington,0.206660968857202
VT,Windham,0.20524439001024306
VT,Windsor,0.18588145517392357
WA,Adams,0.09505556673233725
WA,Asotin,0.12199661262731415
WA,Benton,0.11599939590983666
WA,Chelan,0.0675398234166812
WA,Clallam,0.1170897786125458
WA,Clark,0.3452263475011213
WA,Columbia,0.12357167697155035
WA,Cowlitz,0.132976122386605
WA,Douglas,0.1045267193269399
WA,Ferry,0.3908920352885796
WA,Franklin,0.1135290416747207
WA,Garfield,0.1304641835799076
WA,Grant,0.09055440555844685
WA,Grays Harbor,0.1348570774911408
WA,Island,0.12694758927010355
WA,Jefferson,0.1508191921591953
WA,King,0.1035054370158353
WA,Kitsap,0.13968270552788334
WA,Kittitas,0.1074219908098532
WA,Klickitat,0.153215442874136
WA,Lewis,0.0983844795512933
WA,Lincoln,0.09505556673233725
WA,Mason,0.16553880539736854
WA,Okanogan,0.15026179581856808
WA,Pacific,0.1215749285059353
WA,Pend Oreille,0.5333214330834777
WA,Pierce,0.13968270552788334
WA,San Juan,0.1436074917343238
WA,Skagit,0.12694758927010355
WA,Skamania,0.13032350156865674
WA,Snohomish,0.12694758927010355
WA,Spokane,0.1135290416747207
WA,Stevens,0.2961179122957432
WA,Thurston,0.1348570774911408
WA,Wahkiakum,0.20254734553648476
WA,Walla Walla,0.12357167697155035
WA,Whatcom,0.0611026198878233
WA,Whitman,0.1135290416747207
WA,Yakima,0.13361431226838
WI,Adams,0.1488832856706235
WI,Ashland,0.1569390766334118
WI,Barron,0.1731342109618317
WI,Bayfield,0.15454854861547584
WI,Brown,1.1698535796670653
WI,Buffalo,0.17386443139047458
WI,Burnett,0.29723911011052384
WI,Calumet,0.1621964226524482
WI,Chippewa,0.24148009113899885
WI,Clark,0.6024316623292336
WI,Columbia,0.1449775749285157
WI,Crawford,0.1407439423049919
WI,Dane,0.13713431041174629
WI,Dodge,0.13033077727182613
WI,Door,0.1621964226524482
WI,Douglas,0.1683531549259598
WI,Dunn,0.2950253252628891
WI,Eau Claire,0.11129419585886086
WI,Florence,0.1621964226524482
WI,Fond Du Lac,0.15358699879048196
WI,Forest,1.1698535796670653
WI,Grant,0.1278398520143071
WI,Green,0.1318879119582188
WI,Green Lake,0.1786881129964639
WI,Iowa,0.1304880611933025
WI,Iron,0.15147018247872007
WI,Jackson,0.13447197115249596
WI,Jefferson,0.1786881129964639
WI,Juneau,0.15888713765082485
WI,Kenosha,2.177510736681682
WI,Kewaunee,0.14964224192287534
WI,La Crosse,0.11012832502782516
WI,Lafayette,0.1251916428353117
WI,Langlade,0.1621964226524482
WI,Lincoln,0.1621964226524482
WI,Manitowoc,0.1621964226524482
WI,Marathon,0.15147018247872007
WI,Marinette,1.1698535796670653
WI,Marquette,0.1469304302995696
WI,Menominee,0.1621964226524482
WI,Milwaukee,2.177510736681682
WI,Monroe,0.1407439423049919
WI,Oconto,1.1698535796670653
WI,Oneida,0.15147018247872007
WI,Outagamie,0.1506434358035451
WI,Ozaukee,1.154001189758497
WI,Pepin,0.2069849204759573
WI,Pierce,0.17386443139047458
WI,Polk,0.2950253252628891
WI,Portage,0.1449775749285157
WI,Price,0.1206026428298662
WI,Racine,2.177510736681682
WI,Richland,0.1304880611933025
WI,Rock,0.13688087800482074
WI,Rusk,0.1731342109618317
WI,Sauk,0.172796700373134
WI,Sawyer,0.1569390766334118
WI,Shawano,0.5109673250169665
WI,Sheboygan,1.1374517866988318
WI,St Croix,0.1407439423049919
WI,Taylor,0.16433939966005023
WI,Trempealeau,0.13396704639473325
WI,Vernon,0.1428607586167538
WI,Vilas,0.1621964226524482
WI,Walworth,1.153147458881404
WI,Washburn,0.1683531549259598
WI,Washington,1.137350592818162
WI,Waukesha,1.155601189758497
WI,Waupaca,0.15358699879048196
WI,Waushara,0.1621964226524482
WI,Winnebago,0.1621964226524482
WI,Wood,0.14388907137386595
WV,Barbour,0.0775212078185018
WV,Berkeley,0.0775212078185018
WV,Boone,0.0775212078185018
WV,Braxton,0.0775212078185018
WV,Brooke,0.0775212078185018
WV,Cabell,0.0775212078185018
WV,Calhoun,0.0775212078185018
WV,Clay,0.3196223770516625
WV,Doddridge,0.0775212078185018
WV,Fayette,0.0775212078185018
WV,Gilmer,0.0775212078185018
WV,Grant,0.1735337790307176
WV,Greenbrier,0.0775212078185018
WV,Hampshire,0.0775212078185018
WV,Hancock,0.0775212078185018
WV,Hardy,0.0775212078185018
WV,Harrison,0.0775212078185018
WV,Jackson,0.0775212078185018
WV,Jefferson,0.0775212078185018
WV,Kanawha,0.3196223770516625
WV,Lewis,0.0775212078185018
WV,Lincoln,0.0775212078185018
WV,Logan,0.0775212078185018
WV,Marion,0.0775212078185018
WV,Marshall,0.0775212078185018
WV,Mason,0.0775212078185018
WV,McDowell,0.0775212078185018
WV,Mercer,0.0775212078185018
WV,Mineral,0.0775212078185018
WV,Mingo,0.0775212078185018
WV,Monongalia,0.0775212078185018
WV,Monroe,0.0775212078185018
WV,Morgan,0.0775212078185018
WV,Nicholas,0.0775212078185018
WV,Ohio,0.0775212078185018
WV,Pendleton,0.0775212078185018
WV,Pleasants,0.0775212078185018
WV,Pocahontas,0.0775212078185018
WV,Preston,0.1735337790307176
WV,Putnam,0.0775212078185018
WV,Raleigh,0.3196223770516625
WV,Randolph,0.0775212078185018
WV,Ritchie,0.0775212078185018
WV,Roane,0.0775212078185018
WV,Summers,0.0775212078185018
WV,Taylor,0.0775212078185018
WV,Tucker,0.0775212078185018
WV,Tyler,0.0775212078185018
WV,Upshur,0.0775212078185018
WV,Wayne,0.0775212078185018
WV,Webster,0.0775212078185018
WV,Wetzel,0.0775212078185018
WV,Wirt,0.0775212078185018
WV,Wood,0.0775212078185018
WV,Wyoming,0.3196223770516625
WY,Albany,0.1666232856706235
WY,Big Horn,0.1806841835799076
WY,Campbell,0.156562392758903
WY,Carbon,0.1806841835799076
WY,Converse,0.129347139452557
WY,Crook,0.17325731876605655
WY,Fremont,0.1571492479241438
WY,Goshen,0.1431785101479445
WY,Hot Springs,0.1571492479241438
WY,Johnson,0.13361431226838
WY,Laramie,0.2092355876390854
WY,Lincoln,0.8397967662770073
WY,Natrona,0.1571492479241438
WY,Niobrara,0.1734190464657431
WY,Park,0.1806841835799076
WY,Platte,0.1714249499537327
WY,Sheridan,0.1274227652219168
WY,Sublette,0.13361431226838
WY,Sweetwater,0.8397967662770073
WY,Teton,0.4252470628240312
WY,Uinta,0.8397967662770073
WY,Washakie,0.1571492479241438
WY,Weston,0.1274227652219168
US,US,0.5109075625214794
