county_text,VEHCLASS,FC_kWhpm
T01001,Sedan,0.2982
T01003,Sedan,0.2982
T01005,Sedan,0.2982
T01007,Sedan,0.2982
T01009,Sedan,0.2982
T01011,Sedan,0.2982
T01013,Sedan,0.2982
T01015,Sedan,0.2982
T01017,Sedan,0.2982
T01019,Sedan,0.2982
T01021,Sedan,0.2982
T01023,Sedan,0.2982
T01025,Sedan,0.2982
T01027,Sedan,0.2982
T01029,Sedan,0.2982
T01031,Sedan,0.2982
T01033,Sedan,0.2982
T01035,Sedan,0.2982
T01037,Sedan,0.2982
T01039,Sedan,0.2982
T01041,Sedan,0.2982
T01043,Sedan,0.2982
T01045,Sedan,0.2982
T01047,Sedan,0.2982
T01049,Sedan,0.2982
T01051,Sedan,0.2982
T01053,Sedan,0.2982
T01055,Sedan,0.2982
T01057,Sedan,0.2982
T01059,Sedan,0.2982
T01061,Sedan,0.2982
T01063,Sedan,0.2982
T01065,Sedan,0.2982
T01067,Sedan,0.2982
T01069,Sedan,0.2982
T01071,Sedan,0.2982
T01073,Sedan,0.2982
T01075,Sedan,0.2982
T01077,Sedan,0.2982
T01079,Sedan,0.2982
T01081,Sedan,0.2982
T01083,Sedan,0.2982
T01085,Sedan,0.2982
T01087,Sedan,0.2982
T01089,Sedan,0.2982
T01091,Sedan,0.2982
T01093,Sedan,0.2982
T01095,Sedan,0.2982
T01097,Sedan,0.2982
T01099,Sedan,0.2982
T01101,Sedan,0.2982
T01103,Sedan,0.2982
T01105,Sedan,0.2982
T01107,Sedan,0.2982
T01109,Sedan,0.2982
T01111,Sedan,0.2982
T01113,Sedan,0.2982
T01115,Sedan,0.2982
T01117,Sedan,0.2982
T01119,Sedan,0.2982
T01121,Sedan,0.2982
T01123,Sedan,0.2982
T01125,Sedan,0.2982
T01127,Sedan,0.2982
T01129,Sedan,0.2982
T01131,Sedan,0.2982
T01133,Sedan,0.2982
T02013,Sedan,0.2982
T02016,Sedan,0.2982
T02020,Sedan,0.2982
T02050,Sedan,0.2982
T02060,Sedan,0.2982
T02068,Sedan,0.2982
T02070,Sedan,0.2982
T02090,Sedan,0.2982
T02100,Sedan,0.2982
T02105,Sedan,0.2982
T02110,Sedan,0.2982
T02122,Sedan,0.2982
T02130,Sedan,0.2982
T02150,Sedan,0.2982
T02158,Sedan,0.2982
T02164,Sedan,0.2982
T02170,Sedan,0.2982
T02180,Sedan,0.2982
T02185,Sedan,0.2982
T02188,Sedan,0.2982
T02195,Sedan,0.2982
T02198,Sedan,0.2982
T02220,Sedan,0.2982
T02230,Sedan,0.2982
T02240,Sedan,0.2982
T02261,Sedan,0.2982
T02275,Sedan,0.2982
T02282,Sedan,0.2982
T02290,Sedan,0.2982
T04001,Sedan,0.2982
T04003,Sedan,0.2982
T04005,Sedan,0.2982
T04007,Sedan,0.2982
T04009,Sedan,0.2982
T04011,Sedan,0.2982
T04012,Sedan,0.2982
T04013,Sedan,0.2982
T04015,Sedan,0.2982
T04017,Sedan,0.2982
T04019,Sedan,0.2982
T04021,Sedan,0.2982
T04023,Sedan,0.2982
T04025,Sedan,0.2982
T04027,Sedan,0.2982
T05001,Sedan,0.2982
T05003,Sedan,0.2982
T05005,Sedan,0.2982
T05007,Sedan,0.2982
T05009,Sedan,0.2982
T05011,Sedan,0.2982
T05013,Sedan,0.2982
T05015,Sedan,0.2982
T05017,Sedan,0.2982
T05019,Sedan,0.2982
T05021,Sedan,0.2982
T05023,Sedan,0.2982
T05025,Sedan,0.2982
T05027,Sedan,0.2982
T05029,Sedan,0.2982
T05031,Sedan,0.2982
T05033,Sedan,0.2982
T05035,Sedan,0.2982
T05037,Sedan,0.2982
T05039,Sedan,0.2982
T05041,Sedan,0.2982
T05043,Sedan,0.2982
T05045,Sedan,0.2982
T05047,Sedan,0.2982
T05049,Sedan,0.2982
T05051,Sedan,0.2982
T05053,Sedan,0.2982
T05055,Sedan,0.2982
T05057,Sedan,0.2982
T05059,Sedan,0.2982
T05061,Sedan,0.2982
T05063,Sedan,0.2982
T05065,Sedan,0.2982
T05067,Sedan,0.2982
T05069,Sedan,0.2982
T05071,Sedan,0.2982
T05073,Sedan,0.2982
T05075,Sedan,0.2982
T05077,Sedan,0.2982
T05079,Sedan,0.2982
T05081,Sedan,0.2982
T05083,Sedan,0.2982
T05085,Sedan,0.2982
T05087,Sedan,0.2982
T05089,Sedan,0.2982
T05091,Sedan,0.2982
T05093,Sedan,0.2982
T05095,Sedan,0.2982
T05097,Sedan,0.2982
T05099,Sedan,0.2982
T05101,Sedan,0.2982
T05103,Sedan,0.2982
T05105,Sedan,0.2982
T05107,Sedan,0.2982
T05109,Sedan,0.2982
T05111,Sedan,0.2982
T05113,Sedan,0.2982
T05115,Sedan,0.2982
T05117,Sedan,0.2982
T05119,Sedan,0.2982
T05121,Sedan,0.2982
T05123,Sedan,0.2982
T05125,Sedan,0.2982
T05127,Sedan,0.2982
T05129,Sedan,0.2982
T05131,Sedan,0.2982
T05133,Sedan,0.2982
T05135,Sedan,0.2982
T05137,Sedan,0.2982
T05139,Sedan,0.2982
T05141,Sedan,0.2982
T05143,Sedan,0.2982
T05145,Sedan,0.2982
T05147,Sedan,0.2982
T05149,Sedan,0.2982
T06001,Sedan,0.2982
T06003,Sedan,0.2982
T06005,Sedan,0.2982
T06007,Sedan,0.2982
T06009,Sedan,0.2982
T06011,Sedan,0.2982
T06013,Sedan,0.2982
T06015,Sedan,0.2982
T06017,Sedan,0.2982
T06019,Sedan,0.2982
T06021,Sedan,0.2982
T06023,Sedan,0.2982
T06025,Sedan,0.2982
T06027,Sedan,0.2982
T06029,Sedan,0.2982
T06031,Sedan,0.2982
T06033,Sedan,0.2982
T06035,Sedan,0.2982
T06037,Sedan,0.2982
T06039,Sedan,0.2982
T06041,Sedan,0.2982
T06043,Sedan,0.2982
T06045,Sedan,0.2982
T06047,Sedan,0.2982
T06049,Sedan,0.2982
T06051,Sedan,0.2982
T06053,Sedan,0.2982
T06055,Sedan,0.2982
T06057,Sedan,0.2982
T06059,Sedan,0.2982
T06061,Sedan,0.2982
T06063,Sedan,0.2982
T06065,Sedan,0.2982
T06067,Sedan,0.2982
T06069,Sedan,0.2982
T06071,Sedan,0.2982
T06073,Sedan,0.2982
T06075,Sedan,0.2982
T06077,Sedan,0.2982
T06079,Sedan,0.2982
T06081,Sedan,0.2982
T06083,Sedan,0.2982
T06085,Sedan,0.2982
T06087,Sedan,0.2982
T06089,Sedan,0.2982
T06091,Sedan,0.2982
T06093,Sedan,0.2982
T06095,Sedan,0.2982
T06097,Sedan,0.2982
T06099,Sedan,0.2982
T06101,Sedan,0.2982
T06103,Sedan,0.2982
T06105,Sedan,0.2982
T06107,Sedan,0.2982
T06109,Sedan,0.2982
T06111,Sedan,0.2982
T06113,Sedan,0.2982
T06115,Sedan,0.2982
T08001,Sedan,0.2982
T08003,Sedan,0.2982
T08005,Sedan,0.2982
T08007,Sedan,0.2982
T08009,Sedan,0.2982
T08011,Sedan,0.2982
T08013,Sedan,0.2982
T08014,Sedan,0.2982
T08015,Sedan,0.2982
T08017,Sedan,0.2982
T08019,Sedan,0.2982
T08021,Sedan,0.2982
T08023,Sedan,0.2982
T08025,Sedan,0.2982
T08027,Sedan,0.2982
T08029,Sedan,0.2982
T08031,Sedan,0.2982
T08033,Sedan,0.2982
T08035,Sedan,0.2982
T08037,Sedan,0.2982
T08039,Sedan,0.2982
T08041,Sedan,0.2982
T08043,Sedan,0.2982
T08045,Sedan,0.2982
T08047,Sedan,0.2982
T08049,Sedan,0.2982
T08051,Sedan,0.2982
T08053,Sedan,0.2982
T08055,Sedan,0.2982
T08057,Sedan,0.2982
T08059,Sedan,0.2982
T08061,Sedan,0.2982
T08063,Sedan,0.2982
T08065,Sedan,0.2982
T08067,Sedan,0.2982
T08069,Sedan,0.2982
T08071,Sedan,0.2982
T08073,Sedan,0.2982
T08075,Sedan,0.2982
T08077,Sedan,0.2982
T08079,Sedan,0.2982
T08081,Sedan,0.2982
T08083,Sedan,0.2982
T08085,Sedan,0.2982
T08087,Sedan,0.2982
T08089,Sedan,0.2982
T08091,Sedan,0.2982
T08093,Sedan,0.2982
T08095,Sedan,0.2982
T08097,Sedan,0.2982
T08099,Sedan,0.2982
T08101,Sedan,0.2982
T08103,Sedan,0.2982
T08105,Sedan,0.2982
T08107,Sedan,0.2982
T08109,Sedan,0.2982
T08111,Sedan,0.2982
T08113,Sedan,0.2982
T08115,Sedan,0.2982
T08117,Sedan,0.2982
T08119,Sedan,0.2982
T08121,Sedan,0.2982
T08123,Sedan,0.2982
T08125,Sedan,0.2982
T09001,Sedan,0.2982
T09003,Sedan,0.2982
T09005,Sedan,0.2982
T09007,Sedan,0.2982
T09009,Sedan,0.2982
T09011,Sedan,0.2982
T09013,Sedan,0.2982
T09015,Sedan,0.2982
T10001,Sedan,0.2982
T10003,Sedan,0.2982
T10005,Sedan,0.2982
T11001,Sedan,0.2982
T12001,Sedan,0.2982
T12003,Sedan,0.2982
T12005,Sedan,0.2982
T12007,Sedan,0.2982
T12009,Sedan,0.2982
T12011,Sedan,0.2982
T12013,Sedan,0.2982
T12015,Sedan,0.2982
T12017,Sedan,0.2982
T12019,Sedan,0.2982
T12021,Sedan,0.2982
T12023,Sedan,0.2982
T12027,Sedan,0.2982
T12029,Sedan,0.2982
T12031,Sedan,0.2982
T12033,Sedan,0.2982
T12035,Sedan,0.2982
T12037,Sedan,0.2982
T12039,Sedan,0.2982
T12041,Sedan,0.2982
T12043,Sedan,0.2982
T12045,Sedan,0.2982
T12047,Sedan,0.2982
T12049,Sedan,0.2982
T12051,Sedan,0.2982
T12053,Sedan,0.2982
T12055,Sedan,0.2982
T12057,Sedan,0.2982
T12059,Sedan,0.2982
T12061,Sedan,0.2982
T12063,Sedan,0.2982
T12065,Sedan,0.2982
T12067,Sedan,0.2982
T12069,Sedan,0.2982
T12071,Sedan,0.2982
T12073,Sedan,0.2982
T12075,Sedan,0.2982
T12077,Sedan,0.2982
T12079,Sedan,0.2982
T12081,Sedan,0.2982
T12083,Sedan,0.2982
T12085,Sedan,0.2982
T12086,Sedan,0.2982
T12087,Sedan,0.2982
T12089,Sedan,0.2982
T12091,Sedan,0.2982
T12093,Sedan,0.2982
T12095,Sedan,0.2982
T12097,Sedan,0.2982
T12099,Sedan,0.2982
T12101,Sedan,0.2982
T12103,Sedan,0.2982
T12105,Sedan,0.2982
T12107,Sedan,0.2982
T12109,Sedan,0.2982
T12111,Sedan,0.2982
T12113,Sedan,0.2982
T12115,Sedan,0.2982
T12117,Sedan,0.2982
T12119,Sedan,0.2982
T12121,Sedan,0.2982
T12123,Sedan,0.2982
T12125,Sedan,0.2982
T12127,Sedan,0.2982
T12129,Sedan,0.2982
T12131,Sedan,0.2982
T12133,Sedan,0.2982
T13001,Sedan,0.2982
T13003,Sedan,0.2982
T13005,Sedan,0.2982
T13007,Sedan,0.2982
T13009,Sedan,0.2982
T13011,Sedan,0.2982
T13013,Sedan,0.2982
T13015,Sedan,0.2982
T13017,Sedan,0.2982
T13019,Sedan,0.2982
T13021,Sedan,0.2982
T13023,Sedan,0.2982
T13025,Sedan,0.2982
T13027,Sedan,0.2982
T13029,Sedan,0.2982
T13031,Sedan,0.2982
T13033,Sedan,0.2982
T13035,Sedan,0.2982
T13037,Sedan,0.2982
T13039,Sedan,0.2982
T13043,Sedan,0.2982
T13045,Sedan,0.2982
T13047,Sedan,0.2982
T13049,Sedan,0.2982
T13051,Sedan,0.2982
T13053,Sedan,0.2982
T13055,Sedan,0.2982
T13057,Sedan,0.2982
T13059,Sedan,0.2982
T13061,Sedan,0.2982
T13063,Sedan,0.2982
T13065,Sedan,0.2982
T13067,Sedan,0.2982
T13069,Sedan,0.2982
T13071,Sedan,0.2982
T13073,Sedan,0.2982
T13075,Sedan,0.2982
T13077,Sedan,0.2982
T13079,Sedan,0.2982
T13081,Sedan,0.2982
T13083,Sedan,0.2982
T13085,Sedan,0.2982
T13087,Sedan,0.2982
T13089,Sedan,0.2982
T13091,Sedan,0.2982
T13093,Sedan,0.2982
T13095,Sedan,0.2982
T13097,Sedan,0.2982
T13099,Sedan,0.2982
T13101,Sedan,0.2982
T13103,Sedan,0.2982
T13105,Sedan,0.2982
T13107,Sedan,0.2982
T13109,Sedan,0.2982
T13111,Sedan,0.2982
T13113,Sedan,0.2982
T13115,Sedan,0.2982
T13117,Sedan,0.2982
T13119,Sedan,0.2982
T13121,Sedan,0.2982
T13123,Sedan,0.2982
T13125,Sedan,0.2982
T13127,Sedan,0.2982
T13129,Sedan,0.2982
T13131,Sedan,0.2982
T13133,Sedan,0.2982
T13135,Sedan,0.2982
T13137,Sedan,0.2982
T13139,Sedan,0.2982
T13141,Sedan,0.2982
T13143,Sedan,0.2982
T13145,Sedan,0.2982
T13147,Sedan,0.2982
T13149,Sedan,0.2982
T13151,Sedan,0.2982
T13153,Sedan,0.2982
T13155,Sedan,0.2982
T13157,Sedan,0.2982
T13159,Sedan,0.2982
T13161,Sedan,0.2982
T13163,Sedan,0.2982
T13165,Sedan,0.2982
T13167,Sedan,0.2982
T13169,Sedan,0.2982
T13171,Sedan,0.2982
T13173,Sedan,0.2982
T13175,Sedan,0.2982
T13177,Sedan,0.2982
T13179,Sedan,0.2982
T13181,Sedan,0.2982
T13183,Sedan,0.2982
T13185,Sedan,0.2982
T13187,Sedan,0.2982
T13189,Sedan,0.2982
T13191,Sedan,0.2982
T13193,Sedan,0.2982
T13195,Sedan,0.2982
T13197,Sedan,0.2982
T13199,Sedan,0.2982
T13201,Sedan,0.2982
T13205,Sedan,0.2982
T13207,Sedan,0.2982
T13209,Sedan,0.2982
T13211,Sedan,0.2982
T13213,Sedan,0.2982
T13215,Sedan,0.2982
T13217,Sedan,0.2982
T13219,Sedan,0.2982
T13221,Sedan,0.2982
T13223,Sedan,0.2982
T13225,Sedan,0.2982
T13227,Sedan,0.2982
T13229,Sedan,0.2982
T13231,Sedan,0.2982
T13233,Sedan,0.2982
T13235,Sedan,0.2982
T13237,Sedan,0.2982
T13239,Sedan,0.2982
T13241,Sedan,0.2982
T13243,Sedan,0.2982
T13245,Sedan,0.2982
T13247,Sedan,0.2982
T13249,Sedan,0.2982
T13251,Sedan,0.2982
T13253,Sedan,0.2982
T13255,Sedan,0.2982
T13257,Sedan,0.2982
T13259,Sedan,0.2982
T13261,Sedan,0.2982
T13263,Sedan,0.2982
T13265,Sedan,0.2982
T13267,Sedan,0.2982
T13269,Sedan,0.2982
T13271,Sedan,0.2982
T13273,Sedan,0.2982
T13275,Sedan,0.2982
T13277,Sedan,0.2982
T13279,Sedan,0.2982
T13281,Sedan,0.2982
T13283,Sedan,0.2982
T13285,Sedan,0.2982
T13287,Sedan,0.2982
T13289,Sedan,0.2982
T13291,Sedan,0.2982
T13293,Sedan,0.2982
T13295,Sedan,0.2982
T13297,Sedan,0.2982
T13299,Sedan,0.2982
T13301,Sedan,0.2982
T13303,Sedan,0.2982
T13305,Sedan,0.2982
T13307,Sedan,0.2982
T13309,Sedan,0.2982
T13311,Sedan,0.2982
T13313,Sedan,0.2982
T13315,Sedan,0.2982
T13317,Sedan,0.2982
T13319,Sedan,0.2982
T13321,Sedan,0.2982
T15001,Sedan,0.2982
T15003,Sedan,0.2982
T15005,Sedan,0.2982
T15007,Sedan,0.2982
T15009,Sedan,0.2982
T16001,Sedan,0.2982
T16003,Sedan,0.2982
T16005,Sedan,0.2982
T16007,Sedan,0.2982
T16009,Sedan,0.2982
T16011,Sedan,0.2982
T16013,Sedan,0.2982
T16015,Sedan,0.2982
T16017,Sedan,0.2982
T16019,Sedan,0.2982
T16021,Sedan,0.2982
T16023,Sedan,0.2982
T16025,Sedan,0.2982
T16027,Sedan,0.2982
T16029,Sedan,0.2982
T16031,Sedan,0.2982
T16033,Sedan,0.2982
T16035,Sedan,0.2982
T16037,Sedan,0.2982
T16039,Sedan,0.2982
T16041,Sedan,0.2982
T16043,Sedan,0.2982
T16045,Sedan,0.2982
T16047,Sedan,0.2982
T16049,Sedan,0.2982
T16051,Sedan,0.2982
T16053,Sedan,0.2982
T16055,Sedan,0.2982
T16057,Sedan,0.2982
T16059,Sedan,0.2982
T16061,Sedan,0.2982
T16063,Sedan,0.2982
T16065,Sedan,0.2982
T16067,Sedan,0.2982
T16069,Sedan,0.2982
T16071,Sedan,0.2982
T16073,Sedan,0.2982
T16075,Sedan,0.2982
T16077,Sedan,0.2982
T16079,Sedan,0.2982
T16081,Sedan,0.2982
T16083,Sedan,0.2982
T16085,Sedan,0.2982
T16087,Sedan,0.2982
T17001,Sedan,0.2982
T17003,Sedan,0.2982
T17005,Sedan,0.2982
T17007,Sedan,0.2982
T17009,Sedan,0.2982
T17011,Sedan,0.2982
T17013,Sedan,0.2982
T17015,Sedan,0.2982
T17017,Sedan,0.2982
T17019,Sedan,0.2982
T17021,Sedan,0.2982
T17023,Sedan,0.2982
T17025,Sedan,0.2982
T17027,Sedan,0.2982
T17029,Sedan,0.2982
T17031,Sedan,0.2982
T17033,Sedan,0.2982
T17035,Sedan,0.2982
T17037,Sedan,0.2982
T17039,Sedan,0.2982
T17041,Sedan,0.2982
T17043,Sedan,0.2982
T17045,Sedan,0.2982
T17047,Sedan,0.2982
T17049,Sedan,0.2982
T17051,Sedan,0.2982
T17053,Sedan,0.2982
T17055,Sedan,0.2982
T17057,Sedan,0.2982
T17059,Sedan,0.2982
T17061,Sedan,0.2982
T17063,Sedan,0.2982
T17065,Sedan,0.2982
T17067,Sedan,0.2982
T17069,Sedan,0.2982
T17071,Sedan,0.2982
T17073,Sedan,0.2982
T17075,Sedan,0.2982
T17077,Sedan,0.2982
T17079,Sedan,0.2982
T17081,Sedan,0.2982
T17083,Sedan,0.2982
T17085,Sedan,0.2982
T17087,Sedan,0.2982
T17089,Sedan,0.2982
T17091,Sedan,0.2982
T17093,Sedan,0.2982
T17095,Sedan,0.2982
T17097,Sedan,0.2982
T17099,Sedan,0.2982
T17101,Sedan,0.2982
T17103,Sedan,0.2982
T17105,Sedan,0.2982
T17107,Sedan,0.2982
T17109,Sedan,0.2982
T17111,Sedan,0.2982
T17113,Sedan,0.2982
T17115,Sedan,0.2982
T17117,Sedan,0.2982
T17119,Sedan,0.2982
T17121,Sedan,0.2982
T17123,Sedan,0.2982
T17125,Sedan,0.2982
T17127,Sedan,0.2982
T17129,Sedan,0.2982
T17131,Sedan,0.2982
T17133,Sedan,0.2982
T17135,Sedan,0.2982
T17137,Sedan,0.2982
T17139,Sedan,0.2982
T17141,Sedan,0.2982
T17143,Sedan,0.2982
T17145,Sedan,0.2982
T17147,Sedan,0.2982
T17149,Sedan,0.2982
T17151,Sedan,0.2982
T17153,Sedan,0.2982
T17155,Sedan,0.2982
T17157,Sedan,0.2982
T17159,Sedan,0.2982
T17161,Sedan,0.2982
T17163,Sedan,0.2982
T17165,Sedan,0.2982
T17167,Sedan,0.2982
T17169,Sedan,0.2982
T17171,Sedan,0.2982
T17173,Sedan,0.2982
T17175,Sedan,0.2982
T17177,Sedan,0.2982
T17179,Sedan,0.2982
T17181,Sedan,0.2982
T17183,Sedan,0.2982
T17185,Sedan,0.2982
T17187,Sedan,0.2982
T17189,Sedan,0.2982
T17191,Sedan,0.2982
T17193,Sedan,0.2982
T17195,Sedan,0.2982
T17197,Sedan,0.2982
T17199,Sedan,0.2982
T17201,Sedan,0.2982
T17203,Sedan,0.2982
T18001,Sedan,0.2982
T18003,Sedan,0.2982
T18005,Sedan,0.2982
T18007,Sedan,0.2982
T18009,Sedan,0.2982
T18011,Sedan,0.2982
T18013,Sedan,0.2982
T18015,Sedan,0.2982
T18017,Sedan,0.2982
T18019,Sedan,0.2982
T18021,Sedan,0.2982
T18023,Sedan,0.2982
T18025,Sedan,0.2982
T18027,Sedan,0.2982
T18029,Sedan,0.2982
T18031,Sedan,0.2982
T18033,Sedan,0.2982
T18035,Sedan,0.2982
T18037,Sedan,0.2982
T18039,Sedan,0.2982
T18041,Sedan,0.2982
T18043,Sedan,0.2982
T18045,Sedan,0.2982
T18047,Sedan,0.2982
T18049,Sedan,0.2982
T18051,Sedan,0.2982
T18053,Sedan,0.2982
T18055,Sedan,0.2982
T18057,Sedan,0.2982
T18059,Sedan,0.2982
T18061,Sedan,0.2982
T18063,Sedan,0.2982
T18065,Sedan,0.2982
T18067,Sedan,0.2982
T18069,Sedan,0.2982
T18071,Sedan,0.2982
T18073,Sedan,0.2982
T18075,Sedan,0.2982
T18077,Sedan,0.2982
T18079,Sedan,0.2982
T18081,Sedan,0.2982
T18083,Sedan,0.2982
T18085,Sedan,0.2982
T18087,Sedan,0.2982
T18089,Sedan,0.2982
T18091,Sedan,0.2982
T18093,Sedan,0.2982
T18095,Sedan,0.2982
T18097,Sedan,0.2982
T18099,Sedan,0.2982
T18101,Sedan,0.2982
T18103,Sedan,0.2982
T18105,Sedan,0.2982
T18107,Sedan,0.2982
T18109,Sedan,0.2982
T18111,Sedan,0.2982
T18113,Sedan,0.2982
T18115,Sedan,0.2982
T18117,Sedan,0.2982
T18119,Sedan,0.2982
T18121,Sedan,0.2982
T18123,Sedan,0.2982
T18125,Sedan,0.2982
T18127,Sedan,0.2982
T18129,Sedan,0.2982
T18131,Sedan,0.2982
T18133,Sedan,0.2982
T18135,Sedan,0.2982
T18137,Sedan,0.2982
T18139,Sedan,0.2982
T18141,Sedan,0.2982
T18143,Sedan,0.2982
T18145,Sedan,0.2982
T18147,Sedan,0.2982
T18149,Sedan,0.2982
T18151,Sedan,0.2982
T18153,Sedan,0.2982
T18155,Sedan,0.2982
T18157,Sedan,0.2982
T18159,Sedan,0.2982
T18161,Sedan,0.2982
T18163,Sedan,0.2982
T18165,Sedan,0.2982
T18167,Sedan,0.2982
T18169,Sedan,0.2982
T18171,Sedan,0.2982
T18173,Sedan,0.2982
T18175,Sedan,0.2982
T18177,Sedan,0.2982
T18179,Sedan,0.2982
T18181,Sedan,0.2982
T18183,Sedan,0.2982
T19001,Sedan,0.2982
T19003,Sedan,0.2982
T19005,Sedan,0.2982
T19007,Sedan,0.2982
T19009,Sedan,0.2982
T19011,Sedan,0.2982
T19013,Sedan,0.2982
T19015,Sedan,0.2982
T19017,Sedan,0.2982
T19019,Sedan,0.2982
T19021,Sedan,0.2982
T19023,Sedan,0.2982
T19025,Sedan,0.2982
T19027,Sedan,0.2982
T19029,Sedan,0.2982
T19031,Sedan,0.2982
T19033,Sedan,0.2982
T19035,Sedan,0.2982
T19037,Sedan,0.2982
T19039,Sedan,0.2982
T19041,Sedan,0.2982
T19043,Sedan,0.2982
T19045,Sedan,0.2982
T19047,Sedan,0.2982
T19049,Sedan,0.2982
T19051,Sedan,0.2982
T19053,Sedan,0.2982
T19055,Sedan,0.2982
T19057,Sedan,0.2982
T19059,Sedan,0.2982
T19061,Sedan,0.2982
T19063,Sedan,0.2982
T19065,Sedan,0.2982
T19067,Sedan,0.2982
T19069,Sedan,0.2982
T19071,Sedan,0.2982
T19073,Sedan,0.2982
T19075,Sedan,0.2982
T19077,Sedan,0.2982
T19079,Sedan,0.2982
T19081,Sedan,0.2982
T19083,Sedan,0.2982
T19085,Sedan,0.2982
T19087,Sedan,0.2982
T19089,Sedan,0.2982
T19091,Sedan,0.2982
T19093,Sedan,0.2982
T19095,Sedan,0.2982
T19097,Sedan,0.2982
T19099,Sedan,0.2982
T19101,Sedan,0.2982
T19103,Sedan,0.2982
T19105,Sedan,0.2982
T19107,Sedan,0.2982
T19109,Sedan,0.2982
T19111,Sedan,0.2982
T19113,Sedan,0.2982
T19115,Sedan,0.2982
T19117,Sedan,0.2982
T19119,Sedan,0.2982
T19121,Sedan,0.2982
T19123,Sedan,0.2982
T19125,Sedan,0.2982
T19127,Sedan,0.2982
T19129,Sedan,0.2982
T19131,Sedan,0.2982
T19133,Sedan,0.2982
T19135,Sedan,0.2982
T19137,Sedan,0.2982
T19139,Sedan,0.2982
T19141,Sedan,0.2982
T19143,Sedan,0.2982
T19145,Sedan,0.2982
T19147,Sedan,0.2982
T19149,Sedan,0.2982
T19151,Sedan,0.2982
T19153,Sedan,0.2982
T19155,Sedan,0.2982
T19157,Sedan,0.2982
T19159,Sedan,0.2982
T19161,Sedan,0.2982
T19163,Sedan,0.2982
T19165,Sedan,0.2982
T19167,Sedan,0.2982
T19169,Sedan,0.2982
T19171,Sedan,0.2982
T19173,Sedan,0.2982
T19175,Sedan,0.2982
T19177,Sedan,0.2982
T19179,Sedan,0.2982
T19181,Sedan,0.2982
T19183,Sedan,0.2982
T19185,Sedan,0.2982
T19187,Sedan,0.2982
T19189,Sedan,0.2982
T19191,Sedan,0.2982
T19193,Sedan,0.2982
T19195,Sedan,0.2982
T19197,Sedan,0.2982
T20001,Sedan,0.2982
T20003,Sedan,0.2982
T20005,Sedan,0.2982
T20007,Sedan,0.2982
T20009,Sedan,0.2982
T20011,Sedan,0.2982
T20013,Sedan,0.2982
T20015,Sedan,0.2982
T20017,Sedan,0.2982
T20019,Sedan,0.2982
T20021,Sedan,0.2982
T20023,Sedan,0.2982
T20025,Sedan,0.2982
T20027,Sedan,0.2982
T20029,Sedan,0.2982
T20031,Sedan,0.2982
T20033,Sedan,0.2982
T20035,Sedan,0.2982
T20037,Sedan,0.2982
T20039,Sedan,0.2982
T20041,Sedan,0.2982
T20043,Sedan,0.2982
T20045,Sedan,0.2982
T20047,Sedan,0.2982
T20049,Sedan,0.2982
T20051,Sedan,0.2982
T20053,Sedan,0.2982
T20055,Sedan,0.2982
T20057,Sedan,0.2982
T20059,Sedan,0.2982
T20061,Sedan,0.2982
T20063,Sedan,0.2982
T20065,Sedan,0.2982
T20067,Sedan,0.2982
T20069,Sedan,0.2982
T20071,Sedan,0.2982
T20073,Sedan,0.2982
T20075,Sedan,0.2982
T20077,Sedan,0.2982
T20079,Sedan,0.2982
T20081,Sedan,0.2982
T20083,Sedan,0.2982
T20085,Sedan,0.2982
T20087,Sedan,0.2982
T20089,Sedan,0.2982
T20091,Sedan,0.2982
T20093,Sedan,0.2982
T20095,Sedan,0.2982
T20097,Sedan,0.2982
T20099,Sedan,0.2982
T20101,Sedan,0.2982
T20103,Sedan,0.2982
T20105,Sedan,0.2982
T20107,Sedan,0.2982
T20109,Sedan,0.2982
T20111,Sedan,0.2982
T20113,Sedan,0.2982
T20115,Sedan,0.2982
T20117,Sedan,0.2982
T20119,Sedan,0.2982
T20121,Sedan,0.2982
T20123,Sedan,0.2982
T20125,Sedan,0.2982
T20127,Sedan,0.2982
T20129,Sedan,0.2982
T20131,Sedan,0.2982
T20133,Sedan,0.2982
T20135,Sedan,0.2982
T20137,Sedan,0.2982
T20139,Sedan,0.2982
T20141,Sedan,0.2982
T20143,Sedan,0.2982
T20145,Sedan,0.2982
T20147,Sedan,0.2982
T20149,Sedan,0.2982
T20151,Sedan,0.2982
T20153,Sedan,0.2982
T20155,Sedan,0.2982
T20157,Sedan,0.2982
T20159,Sedan,0.2982
T20161,Sedan,0.2982
T20163,Sedan,0.2982
T20165,Sedan,0.2982
T20167,Sedan,0.2982
T20169,Sedan,0.2982
T20171,Sedan,0.2982
T20173,Sedan,0.2982
T20175,Sedan,0.2982
T20177,Sedan,0.2982
T20179,Sedan,0.2982
T20181,Sedan,0.2982
T20183,Sedan,0.2982
T20185,Sedan,0.2982
T20187,Sedan,0.2982
T20189,Sedan,0.2982
T20191,Sedan,0.2982
T20193,Sedan,0.2982
T20195,Sedan,0.2982
T20197,Sedan,0.2982
T20199,Sedan,0.2982
T20201,Sedan,0.2982
T20203,Sedan,0.2982
T20205,Sedan,0.2982
T20207,Sedan,0.2982
T20209,Sedan,0.2982
T21001,Sedan,0.2982
T21003,Sedan,0.2982
T21005,Sedan,0.2982
T21007,Sedan,0.2982
T21009,Sedan,0.2982
T21011,Sedan,0.2982
T21013,Sedan,0.2982
T21015,Sedan,0.2982
T21017,Sedan,0.2982
T21019,Sedan,0.2982
T21021,Sedan,0.2982
T21023,Sedan,0.2982
T21025,Sedan,0.2982
T21027,Sedan,0.2982
T21029,Sedan,0.2982
T21031,Sedan,0.2982
T21033,Sedan,0.2982
T21035,Sedan,0.2982
T21037,Sedan,0.2982
T21039,Sedan,0.2982
T21041,Sedan,0.2982
T21043,Sedan,0.2982
T21045,Sedan,0.2982
T21047,Sedan,0.2982
T21049,Sedan,0.2982
T21051,Sedan,0.2982
T21053,Sedan,0.2982
T21055,Sedan,0.2982
T21057,Sedan,0.2982
T21059,Sedan,0.2982
T21061,Sedan,0.2982
T21063,Sedan,0.2982
T21065,Sedan,0.2982
T21067,Sedan,0.2982
T21069,Sedan,0.2982
T21071,Sedan,0.2982
T21073,Sedan,0.2982
T21075,Sedan,0.2982
T21077,Sedan,0.2982
T21079,Sedan,0.2982
T21081,Sedan,0.2982
T21083,Sedan,0.2982
T21085,Sedan,0.2982
T21087,Sedan,0.2982
T21089,Sedan,0.2982
T21091,Sedan,0.2982
T21093,Sedan,0.2982
T21095,Sedan,0.2982
T21097,Sedan,0.2982
T21099,Sedan,0.2982
T21101,Sedan,0.2982
T21103,Sedan,0.2982
T21105,Sedan,0.2982
T21107,Sedan,0.2982
T21109,Sedan,0.2982
T21111,Sedan,0.2982
T21113,Sedan,0.2982
T21115,Sedan,0.2982
T21117,Sedan,0.2982
T21119,Sedan,0.2982
T21121,Sedan,0.2982
T21123,Sedan,0.2982
T21125,Sedan,0.2982
T21127,Sedan,0.2982
T21129,Sedan,0.2982
T21131,Sedan,0.2982
T21133,Sedan,0.2982
T21135,Sedan,0.2982
T21137,Sedan,0.2982
T21139,Sedan,0.2982
T21141,Sedan,0.2982
T21143,Sedan,0.2982
T21145,Sedan,0.2982
T21147,Sedan,0.2982
T21149,Sedan,0.2982
T21151,Sedan,0.2982
T21153,Sedan,0.2982
T21155,Sedan,0.2982
T21157,Sedan,0.2982
T21159,Sedan,0.2982
T21161,Sedan,0.2982
T21163,Sedan,0.2982
T21165,Sedan,0.2982
T21167,Sedan,0.2982
T21169,Sedan,0.2982
T21171,Sedan,0.2982
T21173,Sedan,0.2982
T21175,Sedan,0.2982
T21177,Sedan,0.2982
T21179,Sedan,0.2982
T21181,Sedan,0.2982
T21183,Sedan,0.2982
T21185,Sedan,0.2982
T21187,Sedan,0.2982
T21189,Sedan,0.2982
T21191,Sedan,0.2982
T21193,Sedan,0.2982
T21195,Sedan,0.2982
T21197,Sedan,0.2982
T21199,Sedan,0.2982
T21201,Sedan,0.2982
T21203,Sedan,0.2982
T21205,Sedan,0.2982
T21207,Sedan,0.2982
T21209,Sedan,0.2982
T21211,Sedan,0.2982
T21213,Sedan,0.2982
T21215,Sedan,0.2982
T21217,Sedan,0.2982
T21219,Sedan,0.2982
T21221,Sedan,0.2982
T21223,Sedan,0.2982
T21225,Sedan,0.2982
T21227,Sedan,0.2982
T21229,Sedan,0.2982
T21231,Sedan,0.2982
T21233,Sedan,0.2982
T21235,Sedan,0.2982
T21237,Sedan,0.2982
T21239,Sedan,0.2982
T22001,Sedan,0.2982
T22003,Sedan,0.2982
T22005,Sedan,0.2982
T22007,Sedan,0.2982
T22009,Sedan,0.2982
T22011,Sedan,0.2982
T22013,Sedan,0.2982
T22015,Sedan,0.2982
T22017,Sedan,0.2982
T22019,Sedan,0.2982
T22021,Sedan,0.2982
T22023,Sedan,0.2982
T22025,Sedan,0.2982
T22027,Sedan,0.2982
T22029,Sedan,0.2982
T22031,Sedan,0.2982
T22033,Sedan,0.2982
T22035,Sedan,0.2982
T22037,Sedan,0.2982
T22039,Sedan,0.2982
T22041,Sedan,0.2982
T22043,Sedan,0.2982
T22045,Sedan,0.2982
T22047,Sedan,0.2982
T22049,Sedan,0.2982
T22051,Sedan,0.2982
T22053,Sedan,0.2982
T22055,Sedan,0.2982
T22057,Sedan,0.2982
T22059,Sedan,0.2982
T22061,Sedan,0.2982
T22063,Sedan,0.2982
T22065,Sedan,0.2982
T22067,Sedan,0.2982
T22069,Sedan,0.2982
T22071,Sedan,0.2982
T22073,Sedan,0.2982
T22075,Sedan,0.2982
T22077,Sedan,0.2982
T22079,Sedan,0.2982
T22081,Sedan,0.2982
T22083,Sedan,0.2982
T22085,Sedan,0.2982
T22087,Sedan,0.2982
T22089,Sedan,0.2982
T22091,Sedan,0.2982
T22093,Sedan,0.2982
T22095,Sedan,0.2982
T22097,Sedan,0.2982
T22099,Sedan,0.2982
T22101,Sedan,0.2982
T22103,Sedan,0.2982
T22105,Sedan,0.2982
T22107,Sedan,0.2982
T22109,Sedan,0.2982
T22111,Sedan,0.2982
T22113,Sedan,0.2982
T22115,Sedan,0.2982
T22117,Sedan,0.2982
T22119,Sedan,0.2982
T22121,Sedan,0.2982
T22123,Sedan,0.2982
T22125,Sedan,0.2982
T22127,Sedan,0.2982
T23001,Sedan,0.2982
T23003,Sedan,0.2982
T23005,Sedan,0.2982
T23007,Sedan,0.2982
T23009,Sedan,0.2982
T23011,Sedan,0.2982
T23013,Sedan,0.2982
T23015,Sedan,0.2982
T23017,Sedan,0.2982
T23019,Sedan,0.2982
T23021,Sedan,0.2982
T23023,Sedan,0.2982
T23025,Sedan,0.2982
T23027,Sedan,0.2982
T23029,Sedan,0.2982
T23031,Sedan,0.2982
T24001,Sedan,0.2982
T24003,Sedan,0.2982
T24005,Sedan,0.2982
T24009,Sedan,0.2982
T24011,Sedan,0.2982
T24013,Sedan,0.2982
T24015,Sedan,0.2982
T24017,Sedan,0.2982
T24019,Sedan,0.2982
T24021,Sedan,0.2982
T24023,Sedan,0.2982
T24025,Sedan,0.2982
T24027,Sedan,0.2982
T24029,Sedan,0.2982
T24031,Sedan,0.2982
T24033,Sedan,0.2982
T24035,Sedan,0.2982
T24037,Sedan,0.2982
T24039,Sedan,0.2982
T24041,Sedan,0.2982
T24043,Sedan,0.2982
T24045,Sedan,0.2982
T24047,Sedan,0.2982
T24510,Sedan,0.2982
T25001,Sedan,0.2982
T25003,Sedan,0.2982
T25005,Sedan,0.2982
T25007,Sedan,0.2982
T25009,Sedan,0.2982
T25011,Sedan,0.2982
T25013,Sedan,0.2982
T25015,Sedan,0.2982
T25017,Sedan,0.2982
T25019,Sedan,0.2982
T25021,Sedan,0.2982
T25023,Sedan,0.2982
T25025,Sedan,0.2982
T25027,Sedan,0.2982
T26001,Sedan,0.2982
T26003,Sedan,0.2982
T26005,Sedan,0.2982
T26007,Sedan,0.2982
T26009,Sedan,0.2982
T26011,Sedan,0.2982
T26013,Sedan,0.2982
T26015,Sedan,0.2982
T26017,Sedan,0.2982
T26019,Sedan,0.2982
T26021,Sedan,0.2982
T26023,Sedan,0.2982
T26025,Sedan,0.2982
T26027,Sedan,0.2982
T26029,Sedan,0.2982
T26031,Sedan,0.2982
T26033,Sedan,0.2982
T26035,Sedan,0.2982
T26037,Sedan,0.2982
T26039,Sedan,0.2982
T26041,Sedan,0.2982
T26043,Sedan,0.2982
T26045,Sedan,0.2982
T26047,Sedan,0.2982
T26049,Sedan,0.2982
T26051,Sedan,0.2982
T26053,Sedan,0.2982
T26055,Sedan,0.2982
T26057,Sedan,0.2982
T26059,Sedan,0.2982
T26061,Sedan,0.2982
T26063,Sedan,0.2982
T26065,Sedan,0.2982
T26067,Sedan,0.2982
T26069,Sedan,0.2982
T26071,Sedan,0.2982
T26073,Sedan,0.2982
T26075,Sedan,0.2982
T26077,Sedan,0.2982
T26079,Sedan,0.2982
T26081,Sedan,0.2982
T26083,Sedan,0.2982
T26085,Sedan,0.2982
T26087,Sedan,0.2982
T26089,Sedan,0.2982
T26091,Sedan,0.2982
T26093,Sedan,0.2982
T26095,Sedan,0.2982
T26097,Sedan,0.2982
T26099,Sedan,0.2982
T26101,Sedan,0.2982
T26103,Sedan,0.2982
T26105,Sedan,0.2982
T26107,Sedan,0.2982
T26109,Sedan,0.2982
T26111,Sedan,0.2982
T26113,Sedan,0.2982
T26115,Sedan,0.2982
T26117,Sedan,0.2982
T26119,Sedan,0.2982
T26121,Sedan,0.2982
T26123,Sedan,0.2982
T26125,Sedan,0.2982
T26127,Sedan,0.2982
T26129,Sedan,0.2982
T26131,Sedan,0.2982
T26133,Sedan,0.2982
T26135,Sedan,0.2982
T26137,Sedan,0.2982
T26139,Sedan,0.2982
T26141,Sedan,0.2982
T26143,Sedan,0.2982
T26145,Sedan,0.2982
T26147,Sedan,0.2982
T26149,Sedan,0.2982
T26151,Sedan,0.2982
T26153,Sedan,0.2982
T26155,Sedan,0.2982
T26157,Sedan,0.2982
T26159,Sedan,0.2982
T26161,Sedan,0.2982
T26163,Sedan,0.2982
T26165,Sedan,0.2982
T27001,Sedan,0.2982
T27003,Sedan,0.2982
T27005,Sedan,0.2982
T27007,Sedan,0.2982
T27009,Sedan,0.2982
T27011,Sedan,0.2982
T27013,Sedan,0.2982
T27015,Sedan,0.2982
T27017,Sedan,0.2982
T27019,Sedan,0.2982
T27021,Sedan,0.2982
T27023,Sedan,0.2982
T27025,Sedan,0.2982
T27027,Sedan,0.2982
T27029,Sedan,0.2982
T27031,Sedan,0.2982
T27033,Sedan,0.2982
T27035,Sedan,0.2982
T27037,Sedan,0.2982
T27039,Sedan,0.2982
T27041,Sedan,0.2982
T27043,Sedan,0.2982
T27045,Sedan,0.2982
T27047,Sedan,0.2982
T27049,Sedan,0.2982
T27051,Sedan,0.2982
T27053,Sedan,0.2982
T27055,Sedan,0.2982
T27057,Sedan,0.2982
T27059,Sedan,0.2982
T27061,Sedan,0.2982
T27063,Sedan,0.2982
T27065,Sedan,0.2982
T27067,Sedan,0.2982
T27069,Sedan,0.2982
T27071,Sedan,0.2982
T27073,Sedan,0.2982
T27075,Sedan,0.2982
T27077,Sedan,0.2982
T27079,Sedan,0.2982
T27081,Sedan,0.2982
T27083,Sedan,0.2982
T27085,Sedan,0.2982
T27087,Sedan,0.2982
T27089,Sedan,0.2982
T27091,Sedan,0.2982
T27093,Sedan,0.2982
T27095,Sedan,0.2982
T27097,Sedan,0.2982
T27099,Sedan,0.2982
T27101,Sedan,0.2982
T27103,Sedan,0.2982
T27105,Sedan,0.2982
T27107,Sedan,0.2982
T27109,Sedan,0.2982
T27111,Sedan,0.2982
T27113,Sedan,0.2982
T27115,Sedan,0.2982
T27117,Sedan,0.2982
T27119,Sedan,0.2982
T27121,Sedan,0.2982
T27123,Sedan,0.2982
T27125,Sedan,0.2982
T27127,Sedan,0.2982
T27129,Sedan,0.2982
T27131,Sedan,0.2982
T27133,Sedan,0.2982
T27135,Sedan,0.2982
T27137,Sedan,0.2982
T27139,Sedan,0.2982
T27141,Sedan,0.2982
T27143,Sedan,0.2982
T27145,Sedan,0.2982
T27147,Sedan,0.2982
T27149,Sedan,0.2982
T27151,Sedan,0.2982
T27153,Sedan,0.2982
T27155,Sedan,0.2982
T27157,Sedan,0.2982
T27159,Sedan,0.2982
T27161,Sedan,0.2982
T27163,Sedan,0.2982
T27165,Sedan,0.2982
T27167,Sedan,0.2982
T27169,Sedan,0.2982
T27171,Sedan,0.2982
T27173,Sedan,0.2982
T28001,Sedan,0.2982
T28003,Sedan,0.2982
T28005,Sedan,0.2982
T28007,Sedan,0.2982
T28009,Sedan,0.2982
T28011,Sedan,0.2982
T28013,Sedan,0.2982
T28015,Sedan,0.2982
T28017,Sedan,0.2982
T28019,Sedan,0.2982
T28021,Sedan,0.2982
T28023,Sedan,0.2982
T28025,Sedan,0.2982
T28027,Sedan,0.2982
T28029,Sedan,0.2982
T28031,Sedan,0.2982
T28033,Sedan,0.2982
T28035,Sedan,0.2982
T28037,Sedan,0.2982
T28039,Sedan,0.2982
T28041,Sedan,0.2982
T28043,Sedan,0.2982
T28045,Sedan,0.2982
T28047,Sedan,0.2982
T28049,Sedan,0.2982
T28051,Sedan,0.2982
T28053,Sedan,0.2982
T28055,Sedan,0.2982
T28057,Sedan,0.2982
T28059,Sedan,0.2982
T28061,Sedan,0.2982
T28063,Sedan,0.2982
T28065,Sedan,0.2982
T28067,Sedan,0.2982
T28069,Sedan,0.2982
T28071,Sedan,0.2982
T28073,Sedan,0.2982
T28075,Sedan,0.2982
T28077,Sedan,0.2982
T28079,Sedan,0.2982
T28081,Sedan,0.2982
T28083,Sedan,0.2982
T28085,Sedan,0.2982
T28087,Sedan,0.2982
T28089,Sedan,0.2982
T28091,Sedan,0.2982
T28093,Sedan,0.2982
T28095,Sedan,0.2982
T28097,Sedan,0.2982
T28099,Sedan,0.2982
T28101,Sedan,0.2982
T28103,Sedan,0.2982
T28105,Sedan,0.2982
T28107,Sedan,0.2982
T28109,Sedan,0.2982
T28111,Sedan,0.2982
T28113,Sedan,0.2982
T28115,Sedan,0.2982
T28117,Sedan,0.2982
T28119,Sedan,0.2982
T28121,Sedan,0.2982
T28123,Sedan,0.2982
T28125,Sedan,0.2982
T28127,Sedan,0.2982
T28129,Sedan,0.2982
T28131,Sedan,0.2982
T28133,Sedan,0.2982
T28135,Sedan,0.2982
T28137,Sedan,0.2982
T28139,Sedan,0.2982
T28141,Sedan,0.2982
T28143,Sedan,0.2982
T28145,Sedan,0.2982
T28147,Sedan,0.2982
T28149,Sedan,0.2982
T28151,Sedan,0.2982
T28153,Sedan,0.2982
T28155,Sedan,0.2982
T28157,Sedan,0.2982
T28159,Sedan,0.2982
T28161,Sedan,0.2982
T28163,Sedan,0.2982
T29001,Sedan,0.2982
T29003,Sedan,0.2982
T29005,Sedan,0.2982
T29007,Sedan,0.2982
T29009,Sedan,0.2982
T29011,Sedan,0.2982
T29013,Sedan,0.2982
T29015,Sedan,0.2982
T29017,Sedan,0.2982
T29019,Sedan,0.2982
T29021,Sedan,0.2982
T29023,Sedan,0.2982
T29025,Sedan,0.2982
T29027,Sedan,0.2982
T29029,Sedan,0.2982
T29031,Sedan,0.2982
T29033,Sedan,0.2982
T29035,Sedan,0.2982
T29037,Sedan,0.2982
T29039,Sedan,0.2982
T29041,Sedan,0.2982
T29043,Sedan,0.2982
T29045,Sedan,0.2982
T29047,Sedan,0.2982
T29049,Sedan,0.2982
T29051,Sedan,0.2982
T29053,Sedan,0.2982
T29055,Sedan,0.2982
T29057,Sedan,0.2982
T29059,Sedan,0.2982
T29061,Sedan,0.2982
T29063,Sedan,0.2982
T29065,Sedan,0.2982
T29067,Sedan,0.2982
T29069,Sedan,0.2982
T29071,Sedan,0.2982
T29073,Sedan,0.2982
T29075,Sedan,0.2982
T29077,Sedan,0.2982
T29079,Sedan,0.2982
T29081,Sedan,0.2982
T29083,Sedan,0.2982
T29085,Sedan,0.2982
T29087,Sedan,0.2982
T29089,Sedan,0.2982
T29091,Sedan,0.2982
T29093,Sedan,0.2982
T29095,Sedan,0.2982
T29097,Sedan,0.2982
T29099,Sedan,0.2982
T29101,Sedan,0.2982
T29103,Sedan,0.2982
T29105,Sedan,0.2982
T29107,Sedan,0.2982
T29109,Sedan,0.2982
T29111,Sedan,0.2982
T29113,Sedan,0.2982
T29115,Sedan,0.2982
T29117,Sedan,0.2982
T29119,Sedan,0.2982
T29121,Sedan,0.2982
T29123,Sedan,0.2982
T29125,Sedan,0.2982
T29127,Sedan,0.2982
T29129,Sedan,0.2982
T29131,Sedan,0.2982
T29133,Sedan,0.2982
T29135,Sedan,0.2982
T29137,Sedan,0.2982
T29139,Sedan,0.2982
T29141,Sedan,0.2982
T29143,Sedan,0.2982
T29145,Sedan,0.2982
T29147,Sedan,0.2982
T29149,Sedan,0.2982
T29151,Sedan,0.2982
T29153,Sedan,0.2982
T29155,Sedan,0.2982
T29157,Sedan,0.2982
T29159,Sedan,0.2982
T29161,Sedan,0.2982
T29163,Sedan,0.2982
T29165,Sedan,0.2982
T29167,Sedan,0.2982
T29169,Sedan,0.2982
T29171,Sedan,0.2982
T29173,Sedan,0.2982
T29175,Sedan,0.2982
T29177,Sedan,0.2982
T29179,Sedan,0.2982
T29181,Sedan,0.2982
T29183,Sedan,0.2982
T29185,Sedan,0.2982
T29186,Sedan,0.2982
T29187,Sedan,0.2982
T29189,Sedan,0.2982
T29195,Sedan,0.2982
T29197,Sedan,0.2982
T29199,Sedan,0.2982
T29201,Sedan,0.2982
T29203,Sedan,0.2982
T29205,Sedan,0.2982
T29207,Sedan,0.2982
T29209,Sedan,0.2982
T29211,Sedan,0.2982
T29213,Sedan,0.2982
T29215,Sedan,0.2982
T29217,Sedan,0.2982
T29219,Sedan,0.2982
T29221,Sedan,0.2982
T29223,Sedan,0.2982
T29225,Sedan,0.2982
T29227,Sedan,0.2982
T29229,Sedan,0.2982
T29510,Sedan,0.2982
T30001,Sedan,0.2982
T30003,Sedan,0.2982
T30005,Sedan,0.2982
T30007,Sedan,0.2982
T30009,Sedan,0.2982
T30011,Sedan,0.2982
T30013,Sedan,0.2982
T30015,Sedan,0.2982
T30017,Sedan,0.2982
T30019,Sedan,0.2982
T30021,Sedan,0.2982
T30023,Sedan,0.2982
T30025,Sedan,0.2982
T30027,Sedan,0.2982
T30029,Sedan,0.2982
T30031,Sedan,0.2982
T30033,Sedan,0.2982
T30035,Sedan,0.2982
T30037,Sedan,0.2982
T30039,Sedan,0.2982
T30041,Sedan,0.2982
T30043,Sedan,0.2982
T30045,Sedan,0.2982
T30047,Sedan,0.2982
T30049,Sedan,0.2982
T30051,Sedan,0.2982
T30053,Sedan,0.2982
T30055,Sedan,0.2982
T30057,Sedan,0.2982
T30059,Sedan,0.2982
T30061,Sedan,0.2982
T30063,Sedan,0.2982
T30065,Sedan,0.2982
T30067,Sedan,0.2982
T30069,Sedan,0.2982
T30071,Sedan,0.2982
T30073,Sedan,0.2982
T30075,Sedan,0.2982
T30077,Sedan,0.2982
T30079,Sedan,0.2982
T30081,Sedan,0.2982
T30083,Sedan,0.2982
T30085,Sedan,0.2982
T30087,Sedan,0.2982
T30089,Sedan,0.2982
T30091,Sedan,0.2982
T30093,Sedan,0.2982
T30095,Sedan,0.2982
T30097,Sedan,0.2982
T30099,Sedan,0.2982
T30101,Sedan,0.2982
T30103,Sedan,0.2982
T30105,Sedan,0.2982
T30107,Sedan,0.2982
T30109,Sedan,0.2982
T30111,Sedan,0.2982
T31001,Sedan,0.2982
T31003,Sedan,0.2982
T31005,Sedan,0.2982
T31007,Sedan,0.2982
T31009,Sedan,0.2982
T31011,Sedan,0.2982
T31013,Sedan,0.2982
T31015,Sedan,0.2982
T31017,Sedan,0.2982
T31019,Sedan,0.2982
T31021,Sedan,0.2982
T31023,Sedan,0.2982
T31025,Sedan,0.2982
T31027,Sedan,0.2982
T31029,Sedan,0.2982
T31031,Sedan,0.2982
T31033,Sedan,0.2982
T31035,Sedan,0.2982
T31037,Sedan,0.2982
T31039,Sedan,0.2982
T31041,Sedan,0.2982
T31043,Sedan,0.2982
T31045,Sedan,0.2982
T31047,Sedan,0.2982
T31049,Sedan,0.2982
T31051,Sedan,0.2982
T31053,Sedan,0.2982
T31055,Sedan,0.2982
T31057,Sedan,0.2982
T31059,Sedan,0.2982
T31061,Sedan,0.2982
T31063,Sedan,0.2982
T31065,Sedan,0.2982
T31067,Sedan,0.2982
T31069,Sedan,0.2982
T31071,Sedan,0.2982
T31073,Sedan,0.2982
T31075,Sedan,0.2982
T31077,Sedan,0.2982
T31079,Sedan,0.2982
T31081,Sedan,0.2982
T31083,Sedan,0.2982
T31085,Sedan,0.2982
T31087,Sedan,0.2982
T31089,Sedan,0.2982
T31091,Sedan,0.2982
T31093,Sedan,0.2982
T31095,Sedan,0.2982
T31097,Sedan,0.2982
T31099,Sedan,0.2982
T31101,Sedan,0.2982
T31103,Sedan,0.2982
T31105,Sedan,0.2982
T31107,Sedan,0.2982
T31109,Sedan,0.2982
T31111,Sedan,0.2982
T31113,Sedan,0.2982
T31115,Sedan,0.2982
T31117,Sedan,0.2982
T31119,Sedan,0.2982
T31121,Sedan,0.2982
T31123,Sedan,0.2982
T31125,Sedan,0.2982
T31127,Sedan,0.2982
T31129,Sedan,0.2982
T31131,Sedan,0.2982
T31133,Sedan,0.2982
T31135,Sedan,0.2982
T31137,Sedan,0.2982
T31139,Sedan,0.2982
T31141,Sedan,0.2982
T31143,Sedan,0.2982
T31145,Sedan,0.2982
T31147,Sedan,0.2982
T31149,Sedan,0.2982
T31151,Sedan,0.2982
T31153,Sedan,0.2982
T31155,Sedan,0.2982
T31157,Sedan,0.2982
T31159,Sedan,0.2982
T31161,Sedan,0.2982
T31163,Sedan,0.2982
T31165,Sedan,0.2982
T31167,Sedan,0.2982
T31169,Sedan,0.2982
T31171,Sedan,0.2982
T31173,Sedan,0.2982
T31175,Sedan,0.2982
T31177,Sedan,0.2982
T31179,Sedan,0.2982
T31181,Sedan,0.2982
T31183,Sedan,0.2982
T31185,Sedan,0.2982
T32001,Sedan,0.2982
T32003,Sedan,0.2982
T32005,Sedan,0.2982
T32007,Sedan,0.2982
T32009,Sedan,0.2982
T32011,Sedan,0.2982
T32013,Sedan,0.2982
T32015,Sedan,0.2982
T32017,Sedan,0.2982
T32019,Sedan,0.2982
T32021,Sedan,0.2982
T32023,Sedan,0.2982
T32027,Sedan,0.2982
T32029,Sedan,0.2982
T32031,Sedan,0.2982
T32033,Sedan,0.2982
T32510,Sedan,0.2982
T33001,Sedan,0.2982
T33003,Sedan,0.2982
T33005,Sedan,0.2982
T33007,Sedan,0.2982
T33009,Sedan,0.2982
T33011,Sedan,0.2982
T33013,Sedan,0.2982
T33015,Sedan,0.2982
T33017,Sedan,0.2982
T33019,Sedan,0.2982
T34001,Sedan,0.2982
T34003,Sedan,0.2982
T34005,Sedan,0.2982
T34007,Sedan,0.2982
T34009,Sedan,0.2982
T34011,Sedan,0.2982
T34013,Sedan,0.2982
T34015,Sedan,0.2982
T34017,Sedan,0.2982
T34019,Sedan,0.2982
T34021,Sedan,0.2982
T34023,Sedan,0.2982
T34025,Sedan,0.2982
T34027,Sedan,0.2982
T34029,Sedan,0.2982
T34031,Sedan,0.2982
T34033,Sedan,0.2982
T34035,Sedan,0.2982
T34037,Sedan,0.2982
T34039,Sedan,0.2982
T34041,Sedan,0.2982
T35001,Sedan,0.2982
T35003,Sedan,0.2982
T35005,Sedan,0.2982
T35006,Sedan,0.2982
T35007,Sedan,0.2982
T35009,Sedan,0.2982
T35011,Sedan,0.2982
T35013,Sedan,0.2982
T35015,Sedan,0.2982
T35017,Sedan,0.2982
T35019,Sedan,0.2982
T35021,Sedan,0.2982
T35023,Sedan,0.2982
T35025,Sedan,0.2982
T35027,Sedan,0.2982
T35028,Sedan,0.2982
T35029,Sedan,0.2982
T35031,Sedan,0.2982
T35033,Sedan,0.2982
T35035,Sedan,0.2982
T35037,Sedan,0.2982
T35039,Sedan,0.2982
T35041,Sedan,0.2982
T35043,Sedan,0.2982
T35045,Sedan,0.2982
T35047,Sedan,0.2982
T35049,Sedan,0.2982
T35051,Sedan,0.2982
T35053,Sedan,0.2982
T35055,Sedan,0.2982
T35057,Sedan,0.2982
T35059,Sedan,0.2982
T35061,Sedan,0.2982
T36001,Sedan,0.2982
T36003,Sedan,0.2982
T36005,Sedan,0.2982
T36007,Sedan,0.2982
T36009,Sedan,0.2982
T36011,Sedan,0.2982
T36013,Sedan,0.2982
T36015,Sedan,0.2982
T36017,Sedan,0.2982
T36019,Sedan,0.2982
T36021,Sedan,0.2982
T36023,Sedan,0.2982
T36025,Sedan,0.2982
T36027,Sedan,0.2982
T36029,Sedan,0.2982
T36031,Sedan,0.2982
T36033,Sedan,0.2982
T36035,Sedan,0.2982
T36037,Sedan,0.2982
T36039,Sedan,0.2982
T36041,Sedan,0.2982
T36043,Sedan,0.2982
T36045,Sedan,0.2982
T36047,Sedan,0.2982
T36049,Sedan,0.2982
T36051,Sedan,0.2982
T36053,Sedan,0.2982
T36055,Sedan,0.2982
T36057,Sedan,0.2982
T36059,Sedan,0.2982
T36061,Sedan,0.2982
T36063,Sedan,0.2982
T36065,Sedan,0.2982
T36067,Sedan,0.2982
T36069,Sedan,0.2982
T36071,Sedan,0.2982
T36073,Sedan,0.2982
T36075,Sedan,0.2982
T36077,Sedan,0.2982
T36079,Sedan,0.2982
T36081,Sedan,0.2982
T36083,Sedan,0.2982
T36085,Sedan,0.2982
T36087,Sedan,0.2982
T36089,Sedan,0.2982
T36091,Sedan,0.2982
T36093,Sedan,0.2982
T36095,Sedan,0.2982
T36097,Sedan,0.2982
T36099,Sedan,0.2982
T36101,Sedan,0.2982
T36103,Sedan,0.2982
T36105,Sedan,0.2982
T36107,Sedan,0.2982
T36109,Sedan,0.2982
T36111,Sedan,0.2982
T36113,Sedan,0.2982
T36115,Sedan,0.2982
T36117,Sedan,0.2982
T36119,Sedan,0.2982
T36121,Sedan,0.2982
T36123,Sedan,0.2982
T37001,Sedan,0.2982
T37003,Sedan,0.2982
T37005,Sedan,0.2982
T37007,Sedan,0.2982
T37009,Sedan,0.2982
T37011,Sedan,0.2982
T37013,Sedan,0.2982
T37015,Sedan,0.2982
T37017,Sedan,0.2982
T37019,Sedan,0.2982
T37021,Sedan,0.2982
T37023,Sedan,0.2982
T37025,Sedan,0.2982
T37027,Sedan,0.2982
T37029,Sedan,0.2982
T37031,Sedan,0.2982
T37033,Sedan,0.2982
T37035,Sedan,0.2982
T37037,Sedan,0.2982
T37039,Sedan,0.2982
T37041,Sedan,0.2982
T37043,Sedan,0.2982
T37045,Sedan,0.2982
T37047,Sedan,0.2982
T37049,Sedan,0.2982
T37051,Sedan,0.2982
T37053,Sedan,0.2982
T37055,Sedan,0.2982
T37057,Sedan,0.2982
T37059,Sedan,0.2982
T37061,Sedan,0.2982
T37063,Sedan,0.2982
T37065,Sedan,0.2982
T37067,Sedan,0.2982
T37069,Sedan,0.2982
T37071,Sedan,0.2982
T37073,Sedan,0.2982
T37075,Sedan,0.2982
T37077,Sedan,0.2982
T37079,Sedan,0.2982
T37081,Sedan,0.2982
T37083,Sedan,0.2982
T37085,Sedan,0.2982
T37087,Sedan,0.2982
T37089,Sedan,0.2982
T37091,Sedan,0.2982
T37093,Sedan,0.2982
T37095,Sedan,0.2982
T37097,Sedan,0.2982
T37099,Sedan,0.2982
T37101,Sedan,0.2982
T37103,Sedan,0.2982
T37105,Sedan,0.2982
T37107,Sedan,0.2982
T37109,Sedan,0.2982
T37111,Sedan,0.2982
T37113,Sedan,0.2982
T37115,Sedan,0.2982
T37117,Sedan,0.2982
T37119,Sedan,0.2982
T37121,Sedan,0.2982
T37123,Sedan,0.2982
T37125,Sedan,0.2982
T37127,Sedan,0.2982
T37129,Sedan,0.2982
T37131,Sedan,0.2982
T37133,Sedan,0.2982
T37135,Sedan,0.2982
T37137,Sedan,0.2982
T37139,Sedan,0.2982
T37141,Sedan,0.2982
T37143,Sedan,0.2982
T37145,Sedan,0.2982
T37147,Sedan,0.2982
T37149,Sedan,0.2982
T37151,Sedan,0.2982
T37153,Sedan,0.2982
T37155,Sedan,0.2982
T37157,Sedan,0.2982
T37159,Sedan,0.2982
T37161,Sedan,0.2982
T37163,Sedan,0.2982
T37165,Sedan,0.2982
T37167,Sedan,0.2982
T37169,Sedan,0.2982
T37171,Sedan,0.2982
T37173,Sedan,0.2982
T37175,Sedan,0.2982
T37177,Sedan,0.2982
T37179,Sedan,0.2982
T37181,Sedan,0.2982
T37183,Sedan,0.2982
T37185,Sedan,0.2982
T37187,Sedan,0.2982
T37189,Sedan,0.2982
T37191,Sedan,0.2982
T37193,Sedan,0.2982
T37195,Sedan,0.2982
T37197,Sedan,0.2982
T37199,Sedan,0.2982
T38001,Sedan,0.2982
T38003,Sedan,0.2982
T38005,Sedan,0.2982
T38007,Sedan,0.2982
T38009,Sedan,0.2982
T38011,Sedan,0.2982
T38013,Sedan,0.2982
T38015,Sedan,0.2982
T38017,Sedan,0.2982
T38019,Sedan,0.2982
T38021,Sedan,0.2982
T38023,Sedan,0.2982
T38025,Sedan,0.2982
T38027,Sedan,0.2982
T38029,Sedan,0.2982
T38031,Sedan,0.2982
T38033,Sedan,0.2982
T38035,Sedan,0.2982
T38037,Sedan,0.2982
T38039,Sedan,0.2982
T38041,Sedan,0.2982
T38043,Sedan,0.2982
T38045,Sedan,0.2982
T38047,Sedan,0.2982
T38049,Sedan,0.2982
T38051,Sedan,0.2982
T38053,Sedan,0.2982
T38055,Sedan,0.2982
T38057,Sedan,0.2982
T38059,Sedan,0.2982
T38061,Sedan,0.2982
T38063,Sedan,0.2982
T38065,Sedan,0.2982
T38067,Sedan,0.2982
T38069,Sedan,0.2982
T38071,Sedan,0.2982
T38073,Sedan,0.2982
T38075,Sedan,0.2982
T38077,Sedan,0.2982
T38079,Sedan,0.2982
T38081,Sedan,0.2982
T38083,Sedan,0.2982
T38085,Sedan,0.2982
T38087,Sedan,0.2982
T38089,Sedan,0.2982
T38091,Sedan,0.2982
T38093,Sedan,0.2982
T38095,Sedan,0.2982
T38097,Sedan,0.2982
T38099,Sedan,0.2982
T38101,Sedan,0.2982
T38103,Sedan,0.2982
T38105,Sedan,0.2982
T39001,Sedan,0.2982
T39003,Sedan,0.2982
T39005,Sedan,0.2982
T39007,Sedan,0.2982
T39009,Sedan,0.2982
T39011,Sedan,0.2982
T39013,Sedan,0.2982
T39015,Sedan,0.2982
T39017,Sedan,0.2982
T39019,Sedan,0.2982
T39021,Sedan,0.2982
T39023,Sedan,0.2982
T39025,Sedan,0.2982
T39027,Sedan,0.2982
T39029,Sedan,0.2982
T39031,Sedan,0.2982
T39033,Sedan,0.2982
T39035,Sedan,0.2982
T39037,Sedan,0.2982
T39039,Sedan,0.2982
T39041,Sedan,0.2982
T39043,Sedan,0.2982
T39045,Sedan,0.2982
T39047,Sedan,0.2982
T39049,Sedan,0.2982
T39051,Sedan,0.2982
T39053,Sedan,0.2982
T39055,Sedan,0.2982
T39057,Sedan,0.2982
T39059,Sedan,0.2982
T39061,Sedan,0.2982
T39063,Sedan,0.2982
T39065,Sedan,0.2982
T39067,Sedan,0.2982
T39069,Sedan,0.2982
T39071,Sedan,0.2982
T39073,Sedan,0.2982
T39075,Sedan,0.2982
T39077,Sedan,0.2982
T39079,Sedan,0.2982
T39081,Sedan,0.2982
T39083,Sedan,0.2982
T39085,Sedan,0.2982
T39087,Sedan,0.2982
T39089,Sedan,0.2982
T39091,Sedan,0.2982
T39093,Sedan,0.2982
T39095,Sedan,0.2982
T39097,Sedan,0.2982
T39099,Sedan,0.2982
T39101,Sedan,0.2982
T39103,Sedan,0.2982
T39105,Sedan,0.2982
T39107,Sedan,0.2982
T39109,Sedan,0.2982
T39111,Sedan,0.2982
T39113,Sedan,0.2982
T39115,Sedan,0.2982
T39117,Sedan,0.2982
T39119,Sedan,0.2982
T39121,Sedan,0.2982
T39123,Sedan,0.2982
T39125,Sedan,0.2982
T39127,Sedan,0.2982
T39129,Sedan,0.2982
T39131,Sedan,0.2982
T39133,Sedan,0.2982
T39135,Sedan,0.2982
T39137,Sedan,0.2982
T39139,Sedan,0.2982
T39141,Sedan,0.2982
T39143,Sedan,0.2982
T39145,Sedan,0.2982
T39147,Sedan,0.2982
T39149,Sedan,0.2982
T39151,Sedan,0.2982
T39153,Sedan,0.2982
T39155,Sedan,0.2982
T39157,Sedan,0.2982
T39159,Sedan,0.2982
T39161,Sedan,0.2982
T39163,Sedan,0.2982
T39165,Sedan,0.2982
T39167,Sedan,0.2982
T39169,Sedan,0.2982
T39171,Sedan,0.2982
T39173,Sedan,0.2982
T39175,Sedan,0.2982
T40001,Sedan,0.2982
T40003,Sedan,0.2982
T40005,Sedan,0.2982
T40007,Sedan,0.2982
T40009,Sedan,0.2982
T40011,Sedan,0.2982
T40013,Sedan,0.2982
T40015,Sedan,0.2982
T40017,Sedan,0.2982
T40019,Sedan,0.2982
T40021,Sedan,0.2982
T40023,Sedan,0.2982
T40025,Sedan,0.2982
T40027,Sedan,0.2982
T40029,Sedan,0.2982
T40031,Sedan,0.2982
T40033,Sedan,0.2982
T40035,Sedan,0.2982
T40037,Sedan,0.2982
T40039,Sedan,0.2982
T40041,Sedan,0.2982
T40043,Sedan,0.2982
T40045,Sedan,0.2982
T40047,Sedan,0.2982
T40049,Sedan,0.2982
T40051,Sedan,0.2982
T40053,Sedan,0.2982
T40055,Sedan,0.2982
T40057,Sedan,0.2982
T40059,Sedan,0.2982
T40061,Sedan,0.2982
T40063,Sedan,0.2982
T40065,Sedan,0.2982
T40067,Sedan,0.2982
T40069,Sedan,0.2982
T40071,Sedan,0.2982
T40073,Sedan,0.2982
T40075,Sedan,0.2982
T40077,Sedan,0.2982
T40079,Sedan,0.2982
T40081,Sedan,0.2982
T40083,Sedan,0.2982
T40085,Sedan,0.2982
T40087,Sedan,0.2982
T40089,Sedan,0.2982
T40091,Sedan,0.2982
T40093,Sedan,0.2982
T40095,Sedan,0.2982
T40097,Sedan,0.2982
T40099,Sedan,0.2982
T40101,Sedan,0.2982
T40103,Sedan,0.2982
T40105,Sedan,0.2982
T40107,Sedan,0.2982
T40109,Sedan,0.2982
T40111,Sedan,0.2982
T40113,Sedan,0.2982
T40115,Sedan,0.2982
T40117,Sedan,0.2982
T40119,Sedan,0.2982
T40121,Sedan,0.2982
T40123,Sedan,0.2982
T40125,Sedan,0.2982
T40127,Sedan,0.2982
T40129,Sedan,0.2982
T40131,Sedan,0.2982
T40133,Sedan,0.2982
T40135,Sedan,0.2982
T40137,Sedan,0.2982
T40139,Sedan,0.2982
T40141,Sedan,0.2982
T40143,Sedan,0.2982
T40145,Sedan,0.2982
T40147,Sedan,0.2982
T40149,Sedan,0.2982
T40151,Sedan,0.2982
T40153,Sedan,0.2982
T41001,Sedan,0.2982
T41003,Sedan,0.2982
T41005,Sedan,0.2982
T41007,Sedan,0.2982
T41009,Sedan,0.2982
T41011,Sedan,0.2982
T41013,Sedan,0.2982
T41015,Sedan,0.2982
T41017,Sedan,0.2982
T41019,Sedan,0.2982
T41021,Sedan,0.2982
T41023,Sedan,0.2982
T41025,Sedan,0.2982
T41027,Sedan,0.2982
T41029,Sedan,0.2982
T41031,Sedan,0.2982
T41033,Sedan,0.2982
T41035,Sedan,0.2982
T41037,Sedan,0.2982
T41039,Sedan,0.2982
T41041,Sedan,0.2982
T41043,Sedan,0.2982
T41045,Sedan,0.2982
T41047,Sedan,0.2982
T41049,Sedan,0.2982
T41051,Sedan,0.2982
T41053,Sedan,0.2982
T41055,Sedan,0.2982
T41057,Sedan,0.2982
T41059,Sedan,0.2982
T41061,Sedan,0.2982
T41063,Sedan,0.2982
T41065,Sedan,0.2982
T41067,Sedan,0.2982
T41069,Sedan,0.2982
T41071,Sedan,0.2982
T42001,Sedan,0.2982
T42003,Sedan,0.2982
T42005,Sedan,0.2982
T42007,Sedan,0.2982
T42009,Sedan,0.2982
T42011,Sedan,0.2982
T42013,Sedan,0.2982
T42015,Sedan,0.2982
T42017,Sedan,0.2982
T42019,Sedan,0.2982
T42021,Sedan,0.2982
T42023,Sedan,0.2982
T42025,Sedan,0.2982
T42027,Sedan,0.2982
T42029,Sedan,0.2982
T42031,Sedan,0.2982
T42033,Sedan,0.2982
T42035,Sedan,0.2982
T42037,Sedan,0.2982
T42039,Sedan,0.2982
T42041,Sedan,0.2982
T42043,Sedan,0.2982
T42045,Sedan,0.2982
T42047,Sedan,0.2982
T42049,Sedan,0.2982
T42051,Sedan,0.2982
T42053,Sedan,0.2982
T42055,Sedan,0.2982
T42057,Sedan,0.2982
T42059,Sedan,0.2982
T42061,Sedan,0.2982
T42063,Sedan,0.2982
T42065,Sedan,0.2982
T42067,Sedan,0.2982
T42069,Sedan,0.2982
T42071,Sedan,0.2982
T42073,Sedan,0.2982
T42075,Sedan,0.2982
T42077,Sedan,0.2982
T42079,Sedan,0.2982
T42081,Sedan,0.2982
T42083,Sedan,0.2982
T42085,Sedan,0.2982
T42087,Sedan,0.2982
T42089,Sedan,0.2982
T42091,Sedan,0.2982
T42093,Sedan,0.2982
T42095,Sedan,0.2982
T42097,Sedan,0.2982
T42099,Sedan,0.2982
T42101,Sedan,0.2982
T42103,Sedan,0.2982
T42105,Sedan,0.2982
T42107,Sedan,0.2982
T42109,Sedan,0.2982
T42111,Sedan,0.2982
T42113,Sedan,0.2982
T42115,Sedan,0.2982
T42117,Sedan,0.2982
T42119,Sedan,0.2982
T42121,Sedan,0.2982
T42123,Sedan,0.2982
T42125,Sedan,0.2982
T42127,Sedan,0.2982
T42129,Sedan,0.2982
T42131,Sedan,0.2982
T42133,Sedan,0.2982
T44001,Sedan,0.2982
T44003,Sedan,0.2982
T44005,Sedan,0.2982
T44007,Sedan,0.2982
T44009,Sedan,0.2982
T45001,Sedan,0.2982
T45003,Sedan,0.2982
T45005,Sedan,0.2982
T45007,Sedan,0.2982
T45009,Sedan,0.2982
T45011,Sedan,0.2982
T45013,Sedan,0.2982
T45015,Sedan,0.2982
T45017,Sedan,0.2982
T45019,Sedan,0.2982
T45021,Sedan,0.2982
T45023,Sedan,0.2982
T45025,Sedan,0.2982
T45027,Sedan,0.2982
T45029,Sedan,0.2982
T45031,Sedan,0.2982
T45033,Sedan,0.2982
T45035,Sedan,0.2982
T45037,Sedan,0.2982
T45039,Sedan,0.2982
T45041,Sedan,0.2982
T45043,Sedan,0.2982
T45045,Sedan,0.2982
T45047,Sedan,0.2982
T45049,Sedan,0.2982
T45051,Sedan,0.2982
T45053,Sedan,0.2982
T45055,Sedan,0.2982
T45057,Sedan,0.2982
T45059,Sedan,0.2982
T45061,Sedan,0.2982
T45063,Sedan,0.2982
T45065,Sedan,0.2982
T45067,Sedan,0.2982
T45069,Sedan,0.2982
T45071,Sedan,0.2982
T45073,Sedan,0.2982
T45075,Sedan,0.2982
T45077,Sedan,0.2982
T45079,Sedan,0.2982
T45081,Sedan,0.2982
T45083,Sedan,0.2982
T45085,Sedan,0.2982
T45087,Sedan,0.2982
T45089,Sedan,0.2982
T45091,Sedan,0.2982
T46003,Sedan,0.2982
T46005,Sedan,0.2982
T46007,Sedan,0.2982
T46009,Sedan,0.2982
T46011,Sedan,0.2982
T46013,Sedan,0.2982
T46015,Sedan,0.2982
T46017,Sedan,0.2982
T46019,Sedan,0.2982
T46021,Sedan,0.2982
T46023,Sedan,0.2982
T46025,Sedan,0.2982
T46027,Sedan,0.2982
T46029,Sedan,0.2982
T46031,Sedan,0.2982
T46033,Sedan,0.2982
T46035,Sedan,0.2982
T46037,Sedan,0.2982
T46039,Sedan,0.2982
T46041,Sedan,0.2982
T46043,Sedan,0.2982
T46045,Sedan,0.2982
T46047,Sedan,0.2982
T46049,Sedan,0.2982
T46051,Sedan,0.2982
T46053,Sedan,0.2982
T46055,Sedan,0.2982
T46057,Sedan,0.2982
T46059,Sedan,0.2982
T46061,Sedan,0.2982
T46063,Sedan,0.2982
T46065,Sedan,0.2982
T46067,Sedan,0.2982
T46069,Sedan,0.2982
T46071,Sedan,0.2982
T46073,Sedan,0.2982
T46075,Sedan,0.2982
T46077,Sedan,0.2982
T46079,Sedan,0.2982
T46081,Sedan,0.2982
T46083,Sedan,0.2982
T46085,Sedan,0.2982
T46087,Sedan,0.2982
T46089,Sedan,0.2982
T46091,Sedan,0.2982
T46093,Sedan,0.2982
T46095,Sedan,0.2982
T46097,Sedan,0.2982
T46099,Sedan,0.2982
T46101,Sedan,0.2982
T46102,Sedan,0.2982
T46103,Sedan,0.2982
T46105,Sedan,0.2982
T46107,Sedan,0.2982
T46109,Sedan,0.2982
T46111,Sedan,0.2982
T46115,Sedan,0.2982
T46117,Sedan,0.2982
T46119,Sedan,0.2982
T46121,Sedan,0.2982
T46123,Sedan,0.2982
T46125,Sedan,0.2982
T46127,Sedan,0.2982
T46129,Sedan,0.2982
T46135,Sedan,0.2982
T46137,Sedan,0.2982
T47001,Sedan,0.2982
T47003,Sedan,0.2982
T47005,Sedan,0.2982
T47007,Sedan,0.2982
T47009,Sedan,0.2982
T47011,Sedan,0.2982
T47013,Sedan,0.2982
T47015,Sedan,0.2982
T47017,Sedan,0.2982
T47019,Sedan,0.2982
T47021,Sedan,0.2982
T47023,Sedan,0.2982
T47025,Sedan,0.2982
T47027,Sedan,0.2982
T47029,Sedan,0.2982
T47031,Sedan,0.2982
T47033,Sedan,0.2982
T47035,Sedan,0.2982
T47037,Sedan,0.2982
T47039,Sedan,0.2982
T47041,Sedan,0.2982
T47043,Sedan,0.2982
T47045,Sedan,0.2982
T47047,Sedan,0.2982
T47049,Sedan,0.2982
T47051,Sedan,0.2982
T47053,Sedan,0.2982
T47055,Sedan,0.2982
T47057,Sedan,0.2982
T47059,Sedan,0.2982
T47061,Sedan,0.2982
T47063,Sedan,0.2982
T47065,Sedan,0.2982
T47067,Sedan,0.2982
T47069,Sedan,0.2982
T47071,Sedan,0.2982
T47073,Sedan,0.2982
T47075,Sedan,0.2982
T47077,Sedan,0.2982
T47079,Sedan,0.2982
T47081,Sedan,0.2982
T47083,Sedan,0.2982
T47085,Sedan,0.2982
T47087,Sedan,0.2982
T47089,Sedan,0.2982
T47091,Sedan,0.2982
T47093,Sedan,0.2982
T47095,Sedan,0.2982
T47097,Sedan,0.2982
T47099,Sedan,0.2982
T47101,Sedan,0.2982
T47103,Sedan,0.2982
T47105,Sedan,0.2982
T47107,Sedan,0.2982
T47109,Sedan,0.2982
T47111,Sedan,0.2982
T47113,Sedan,0.2982
T47115,Sedan,0.2982
T47117,Sedan,0.2982
T47119,Sedan,0.2982
T47121,Sedan,0.2982
T47123,Sedan,0.2982
T47125,Sedan,0.2982
T47127,Sedan,0.2982
T47129,Sedan,0.2982
T47131,Sedan,0.2982
T47133,Sedan,0.2982
T47135,Sedan,0.2982
T47137,Sedan,0.2982
T47139,Sedan,0.2982
T47141,Sedan,0.2982
T47143,Sedan,0.2982
T47145,Sedan,0.2982
T47147,Sedan,0.2982
T47149,Sedan,0.2982
T47151,Sedan,0.2982
T47153,Sedan,0.2982
T47155,Sedan,0.2982
T47157,Sedan,0.2982
T47159,Sedan,0.2982
T47161,Sedan,0.2982
T47163,Sedan,0.2982
T47165,Sedan,0.2982
T47167,Sedan,0.2982
T47169,Sedan,0.2982
T47171,Sedan,0.2982
T47173,Sedan,0.2982
T47175,Sedan,0.2982
T47177,Sedan,0.2982
T47179,Sedan,0.2982
T47181,Sedan,0.2982
T47183,Sedan,0.2982
T47185,Sedan,0.2982
T47187,Sedan,0.2982
T47189,Sedan,0.2982
T48001,Sedan,0.2982
T48003,Sedan,0.2982
T48005,Sedan,0.2982
T48007,Sedan,0.2982
T48009,Sedan,0.2982
T48011,Sedan,0.2982
T48013,Sedan,0.2982
T48015,Sedan,0.2982
T48017,Sedan,0.2982
T48019,Sedan,0.2982
T48021,Sedan,0.2982
T48023,Sedan,0.2982
T48025,Sedan,0.2982
T48027,Sedan,0.2982
T48029,Sedan,0.2982
T48031,Sedan,0.2982
T48033,Sedan,0.2982
T48035,Sedan,0.2982
T48037,Sedan,0.2982
T48039,Sedan,0.2982
T48041,Sedan,0.2982
T48043,Sedan,0.2982
T48045,Sedan,0.2982
T48047,Sedan,0.2982
T48049,Sedan,0.2982
T48051,Sedan,0.2982
T48053,Sedan,0.2982
T48055,Sedan,0.2982
T48057,Sedan,0.2982
T48059,Sedan,0.2982
T48061,Sedan,0.2982
T48063,Sedan,0.2982
T48065,Sedan,0.2982
T48067,Sedan,0.2982
T48069,Sedan,0.2982
T48071,Sedan,0.2982
T48073,Sedan,0.2982
T48075,Sedan,0.2982
T48077,Sedan,0.2982
T48079,Sedan,0.2982
T48081,Sedan,0.2982
T48083,Sedan,0.2982
T48085,Sedan,0.2982
T48087,Sedan,0.2982
T48089,Sedan,0.2982
T48091,Sedan,0.2982
T48093,Sedan,0.2982
T48095,Sedan,0.2982
T48097,Sedan,0.2982
T48099,Sedan,0.2982
T48101,Sedan,0.2982
T48103,Sedan,0.2982
T48105,Sedan,0.2982
T48107,Sedan,0.2982
T48109,Sedan,0.2982
T48111,Sedan,0.2982
T48113,Sedan,0.2982
T48115,Sedan,0.2982
T48117,Sedan,0.2982
T48119,Sedan,0.2982
T48121,Sedan,0.2982
T48123,Sedan,0.2982
T48125,Sedan,0.2982
T48127,Sedan,0.2982
T48129,Sedan,0.2982
T48131,Sedan,0.2982
T48133,Sedan,0.2982
T48135,Sedan,0.2982
T48137,Sedan,0.2982
T48139,Sedan,0.2982
T48141,Sedan,0.2982
T48143,Sedan,0.2982
T48145,Sedan,0.2982
T48147,Sedan,0.2982
T48149,Sedan,0.2982
T48151,Sedan,0.2982
T48153,Sedan,0.2982
T48155,Sedan,0.2982
T48157,Sedan,0.2982
T48159,Sedan,0.2982
T48161,Sedan,0.2982
T48163,Sedan,0.2982
T48165,Sedan,0.2982
T48167,Sedan,0.2982
T48169,Sedan,0.2982
T48171,Sedan,0.2982
T48173,Sedan,0.2982
T48175,Sedan,0.2982
T48177,Sedan,0.2982
T48179,Sedan,0.2982
T48181,Sedan,0.2982
T48183,Sedan,0.2982
T48185,Sedan,0.2982
T48187,Sedan,0.2982
T48189,Sedan,0.2982
T48191,Sedan,0.2982
T48193,Sedan,0.2982
T48195,Sedan,0.2982
T48197,Sedan,0.2982
T48199,Sedan,0.2982
T48201,Sedan,0.2982
T48203,Sedan,0.2982
T48205,Sedan,0.2982
T48207,Sedan,0.2982
T48209,Sedan,0.2982
T48211,Sedan,0.2982
T48213,Sedan,0.2982
T48215,Sedan,0.2982
T48217,Sedan,0.2982
T48219,Sedan,0.2982
T48221,Sedan,0.2982
T48223,Sedan,0.2982
T48225,Sedan,0.2982
T48227,Sedan,0.2982
T48229,Sedan,0.2982
T48231,Sedan,0.2982
T48233,Sedan,0.2982
T48235,Sedan,0.2982
T48237,Sedan,0.2982
T48239,Sedan,0.2982
T48241,Sedan,0.2982
T48243,Sedan,0.2982
T48245,Sedan,0.2982
T48247,Sedan,0.2982
T48249,Sedan,0.2982
T48251,Sedan,0.2982
T48253,Sedan,0.2982
T48255,Sedan,0.2982
T48257,Sedan,0.2982
T48259,Sedan,0.2982
T48261,Sedan,0.2982
T48263,Sedan,0.2982
T48265,Sedan,0.2982
T48267,Sedan,0.2982
T48269,Sedan,0.2982
T48271,Sedan,0.2982
T48273,Sedan,0.2982
T48275,Sedan,0.2982
T48277,Sedan,0.2982
T48279,Sedan,0.2982
T48281,Sedan,0.2982
T48283,Sedan,0.2982
T48285,Sedan,0.2982
T48287,Sedan,0.2982
T48289,Sedan,0.2982
T48291,Sedan,0.2982
T48293,Sedan,0.2982
T48295,Sedan,0.2982
T48297,Sedan,0.2982
T48299,Sedan,0.2982
T48301,Sedan,0.2982
T48303,Sedan,0.2982
T48305,Sedan,0.2982
T48307,Sedan,0.2982
T48309,Sedan,0.2982
T48311,Sedan,0.2982
T48313,Sedan,0.2982
T48315,Sedan,0.2982
T48317,Sedan,0.2982
T48319,Sedan,0.2982
T48321,Sedan,0.2982
T48323,Sedan,0.2982
T48325,Sedan,0.2982
T48327,Sedan,0.2982
T48329,Sedan,0.2982
T48331,Sedan,0.2982
T48333,Sedan,0.2982
T48335,Sedan,0.2982
T48337,Sedan,0.2982
T48339,Sedan,0.2982
T48341,Sedan,0.2982
T48343,Sedan,0.2982
T48345,Sedan,0.2982
T48347,Sedan,0.2982
T48349,Sedan,0.2982
T48351,Sedan,0.2982
T48353,Sedan,0.2982
T48355,Sedan,0.2982
T48357,Sedan,0.2982
T48359,Sedan,0.2982
T48361,Sedan,0.2982
T48363,Sedan,0.2982
T48365,Sedan,0.2982
T48367,Sedan,0.2982
T48369,Sedan,0.2982
T48371,Sedan,0.2982
T48373,Sedan,0.2982
T48375,Sedan,0.2982
T48377,Sedan,0.2982
T48379,Sedan,0.2982
T48381,Sedan,0.2982
T48383,Sedan,0.2982
T48385,Sedan,0.2982
T48387,Sedan,0.2982
T48389,Sedan,0.2982
T48391,Sedan,0.2982
T48393,Sedan,0.2982
T48395,Sedan,0.2982
T48397,Sedan,0.2982
T48399,Sedan,0.2982
T48401,Sedan,0.2982
T48403,Sedan,0.2982
T48405,Sedan,0.2982
T48407,Sedan,0.2982
T48409,Sedan,0.2982
T48411,Sedan,0.2982
T48413,Sedan,0.2982
T48415,Sedan,0.2982
T48417,Sedan,0.2982
T48419,Sedan,0.2982
T48421,Sedan,0.2982
T48423,Sedan,0.2982
T48425,Sedan,0.2982
T48427,Sedan,0.2982
T48429,Sedan,0.2982
T48431,Sedan,0.2982
T48433,Sedan,0.2982
T48435,Sedan,0.2982
T48437,Sedan,0.2982
T48439,Sedan,0.2982
T48441,Sedan,0.2982
T48443,Sedan,0.2982
T48445,Sedan,0.2982
T48447,Sedan,0.2982
T48449,Sedan,0.2982
T48451,Sedan,0.2982
T48453,Sedan,0.2982
T48455,Sedan,0.2982
T48457,Sedan,0.2982
T48459,Sedan,0.2982
T48461,Sedan,0.2982
T48463,Sedan,0.2982
T48465,Sedan,0.2982
T48467,Sedan,0.2982
T48469,Sedan,0.2982
T48471,Sedan,0.2982
T48473,Sedan,0.2982
T48475,Sedan,0.2982
T48477,Sedan,0.2982
T48479,Sedan,0.2982
T48481,Sedan,0.2982
T48483,Sedan,0.2982
T48485,Sedan,0.2982
T48487,Sedan,0.2982
T48489,Sedan,0.2982
T48491,Sedan,0.2982
T48493,Sedan,0.2982
T48495,Sedan,0.2982
T48497,Sedan,0.2982
T48499,Sedan,0.2982
T48501,Sedan,0.2982
T48503,Sedan,0.2982
T48505,Sedan,0.2982
T48507,Sedan,0.2982
T49001,Sedan,0.2982
T49003,Sedan,0.2982
T49005,Sedan,0.2982
T49007,Sedan,0.2982
T49009,Sedan,0.2982
T49011,Sedan,0.2982
T49013,Sedan,0.2982
T49015,Sedan,0.2982
T49017,Sedan,0.2982
T49019,Sedan,0.2982
T49021,Sedan,0.2982
T49023,Sedan,0.2982
T49025,Sedan,0.2982
T49027,Sedan,0.2982
T49029,Sedan,0.2982
T49031,Sedan,0.2982
T49033,Sedan,0.2982
T49035,Sedan,0.2982
T49037,Sedan,0.2982
T49039,Sedan,0.2982
T49041,Sedan,0.2982
T49043,Sedan,0.2982
T49045,Sedan,0.2982
T49047,Sedan,0.2982
T49049,Sedan,0.2982
T49051,Sedan,0.2982
T49053,Sedan,0.2982
T49055,Sedan,0.2982
T49057,Sedan,0.2982
T50001,Sedan,0.2982
T50003,Sedan,0.2982
T50005,Sedan,0.2982
T50007,Sedan,0.2982
T50009,Sedan,0.2982
T50011,Sedan,0.2982
T50013,Sedan,0.2982
T50015,Sedan,0.2982
T50017,Sedan,0.2982
T50019,Sedan,0.2982
T50021,Sedan,0.2982
T50023,Sedan,0.2982
T50025,Sedan,0.2982
T50027,Sedan,0.2982
T51001,Sedan,0.2982
T51003,Sedan,0.2982
T51005,Sedan,0.2982
T51007,Sedan,0.2982
T51009,Sedan,0.2982
T51011,Sedan,0.2982
T51013,Sedan,0.2982
T51015,Sedan,0.2982
T51017,Sedan,0.2982
T51019,Sedan,0.2982
T51021,Sedan,0.2982
T51023,Sedan,0.2982
T51025,Sedan,0.2982
T51027,Sedan,0.2982
T51029,Sedan,0.2982
T51031,Sedan,0.2982
T51033,Sedan,0.2982
T51035,Sedan,0.2982
T51036,Sedan,0.2982
T51037,Sedan,0.2982
T51041,Sedan,0.2982
T51043,Sedan,0.2982
T51045,Sedan,0.2982
T51047,Sedan,0.2982
T51049,Sedan,0.2982
T51051,Sedan,0.2982
T51053,Sedan,0.2982
T51057,Sedan,0.2982
T51059,Sedan,0.2982
T51061,Sedan,0.2982
T51063,Sedan,0.2982
T51065,Sedan,0.2982
T51067,Sedan,0.2982
T51069,Sedan,0.2982
T51071,Sedan,0.2982
T51073,Sedan,0.2982
T51075,Sedan,0.2982
T51077,Sedan,0.2982
T51079,Sedan,0.2982
T51081,Sedan,0.2982
T51083,Sedan,0.2982
T51085,Sedan,0.2982
T51087,Sedan,0.2982
T51089,Sedan,0.2982
T51091,Sedan,0.2982
T51093,Sedan,0.2982
T51095,Sedan,0.2982
T51097,Sedan,0.2982
T51099,Sedan,0.2982
T51101,Sedan,0.2982
T51103,Sedan,0.2982
T51105,Sedan,0.2982
T51107,Sedan,0.2982
T51109,Sedan,0.2982
T51111,Sedan,0.2982
T51113,Sedan,0.2982
T51115,Sedan,0.2982
T51117,Sedan,0.2982
T51119,Sedan,0.2982
T51121,Sedan,0.2982
T51125,Sedan,0.2982
T51127,Sedan,0.2982
T51131,Sedan,0.2982
T51133,Sedan,0.2982
T51135,Sedan,0.2982
T51137,Sedan,0.2982
T51139,Sedan,0.2982
T51141,Sedan,0.2982
T51143,Sedan,0.2982
T51145,Sedan,0.2982
T51147,Sedan,0.2982
T51149,Sedan,0.2982
T51153,Sedan,0.2982
T51155,Sedan,0.2982
T51157,Sedan,0.2982
T51159,Sedan,0.2982
T51161,Sedan,0.2982
T51163,Sedan,0.2982
T51165,Sedan,0.2982
T51167,Sedan,0.2982
T51169,Sedan,0.2982
T51171,Sedan,0.2982
T51173,Sedan,0.2982
T51175,Sedan,0.2982
T51177,Sedan,0.2982
T51179,Sedan,0.2982
T51181,Sedan,0.2982
T51183,Sedan,0.2982
T51185,Sedan,0.2982
T51187,Sedan,0.2982
T51191,Sedan,0.2982
T51193,Sedan,0.2982
T51195,Sedan,0.2982
T51197,Sedan,0.2982
T51199,Sedan,0.2982
T51510,Sedan,0.2982
T51520,Sedan,0.2982
T51530,Sedan,0.2982
T51540,Sedan,0.2982
T51550,Sedan,0.2982
T51570,Sedan,0.2982
T51580,Sedan,0.2982
T51590,Sedan,0.2982
T51595,Sedan,0.2982
T51600,Sedan,0.2982
T51610,Sedan,0.2982
T51620,Sedan,0.2982
T51630,Sedan,0.2982
T51640,Sedan,0.2982
T51650,Sedan,0.2982
T51660,Sedan,0.2982
T51670,Sedan,0.2982
T51678,Sedan,0.2982
T51680,Sedan,0.2982
T51683,Sedan,0.2982
T51685,Sedan,0.2982
T51690,Sedan,0.2982
T51700,Sedan,0.2982
T51710,Sedan,0.2982
T51720,Sedan,0.2982
T51730,Sedan,0.2982
T51735,Sedan,0.2982
T51740,Sedan,0.2982
T51750,Sedan,0.2982
T51760,Sedan,0.2982
T51770,Sedan,0.2982
T51775,Sedan,0.2982
T51790,Sedan,0.2982
T51800,Sedan,0.2982
T51810,Sedan,0.2982
T51820,Sedan,0.2982
T51830,Sedan,0.2982
T51840,Sedan,0.2982
T53001,Sedan,0.2982
T53003,Sedan,0.2982
T53005,Sedan,0.2982
T53007,Sedan,0.2982
T53009,Sedan,0.2982
T53011,Sedan,0.2982
T53013,Sedan,0.2982
T53015,Sedan,0.2982
T53017,Sedan,0.2982
T53019,Sedan,0.2982
T53021,Sedan,0.2982
T53023,Sedan,0.2982
T53025,Sedan,0.2982
T53027,Sedan,0.2982
T53029,Sedan,0.2982
T53031,Sedan,0.2982
T53033,Sedan,0.2982
T53035,Sedan,0.2982
T53037,Sedan,0.2982
T53039,Sedan,0.2982
T53041,Sedan,0.2982
T53043,Sedan,0.2982
T53045,Sedan,0.2982
T53047,Sedan,0.2982
T53049,Sedan,0.2982
T53051,Sedan,0.2982
T53053,Sedan,0.2982
T53055,Sedan,0.2982
T53057,Sedan,0.2982
T53059,Sedan,0.2982
T53061,Sedan,0.2982
T53063,Sedan,0.2982
T53065,Sedan,0.2982
T53067,Sedan,0.2982
T53069,Sedan,0.2982
T53071,Sedan,0.2982
T53073,Sedan,0.2982
T53075,Sedan,0.2982
T53077,Sedan,0.2982
T54001,Sedan,0.2982
T54003,Sedan,0.2982
T54005,Sedan,0.2982
T54007,Sedan,0.2982
T54009,Sedan,0.2982
T54011,Sedan,0.2982
T54013,Sedan,0.2982
T54015,Sedan,0.2982
T54017,Sedan,0.2982
T54019,Sedan,0.2982
T54021,Sedan,0.2982
T54023,Sedan,0.2982
T54025,Sedan,0.2982
T54027,Sedan,0.2982
T54029,Sedan,0.2982
T54031,Sedan,0.2982
T54033,Sedan,0.2982
T54035,Sedan,0.2982
T54037,Sedan,0.2982
T54039,Sedan,0.2982
T54041,Sedan,0.2982
T54043,Sedan,0.2982
T54045,Sedan,0.2982
T54047,Sedan,0.2982
T54049,Sedan,0.2982
T54051,Sedan,0.2982
T54053,Sedan,0.2982
T54055,Sedan,0.2982
T54057,Sedan,0.2982
T54059,Sedan,0.2982
T54061,Sedan,0.2982
T54063,Sedan,0.2982
T54065,Sedan,0.2982
T54067,Sedan,0.2982
T54069,Sedan,0.2982
T54071,Sedan,0.2982
T54073,Sedan,0.2982
T54075,Sedan,0.2982
T54077,Sedan,0.2982
T54079,Sedan,0.2982
T54081,Sedan,0.2982
T54083,Sedan,0.2982
T54085,Sedan,0.2982
T54087,Sedan,0.2982
T54089,Sedan,0.2982
T54091,Sedan,0.2982
T54093,Sedan,0.2982
T54095,Sedan,0.2982
T54097,Sedan,0.2982
T54099,Sedan,0.2982
T54101,Sedan,0.2982
T54103,Sedan,0.2982
T54105,Sedan,0.2982
T54107,Sedan,0.2982
T54109,Sedan,0.2982
T55001,Sedan,0.2982
T55003,Sedan,0.2982
T55005,Sedan,0.2982
T55007,Sedan,0.2982
T55009,Sedan,0.2982
T55011,Sedan,0.2982
T55013,Sedan,0.2982
T55015,Sedan,0.2982
T55017,Sedan,0.2982
T55019,Sedan,0.2982
T55021,Sedan,0.2982
T55023,Sedan,0.2982
T55025,Sedan,0.2982
T55027,Sedan,0.2982
T55029,Sedan,0.2982
T55031,Sedan,0.2982
T55033,Sedan,0.2982
T55035,Sedan,0.2982
T55037,Sedan,0.2982
T55039,Sedan,0.2982
T55041,Sedan,0.2982
T55043,Sedan,0.2982
T55045,Sedan,0.2982
T55047,Sedan,0.2982
T55049,Sedan,0.2982
T55051,Sedan,0.2982
T55053,Sedan,0.2982
T55055,Sedan,0.2982
T55057,Sedan,0.2982
T55059,Sedan,0.2982
T55061,Sedan,0.2982
T55063,Sedan,0.2982
T55065,Sedan,0.2982
T55067,Sedan,0.2982
T55069,Sedan,0.2982
T55071,Sedan,0.2982
T55073,Sedan,0.2982
T55075,Sedan,0.2982
T55077,Sedan,0.2982
T55078,Sedan,0.2982
T55079,Sedan,0.2982
T55081,Sedan,0.2982
T55083,Sedan,0.2982
T55085,Sedan,0.2982
T55087,Sedan,0.2982
T55089,Sedan,0.2982
T55091,Sedan,0.2982
T55093,Sedan,0.2982
T55095,Sedan,0.2982
T55097,Sedan,0.2982
T55099,Sedan,0.2982
T55101,Sedan,0.2982
T55103,Sedan,0.2982
T55105,Sedan,0.2982
T55107,Sedan,0.2982
T55109,Sedan,0.2982
T55111,Sedan,0.2982
T55113,Sedan,0.2982
T55115,Sedan,0.2982
T55117,Sedan,0.2982
T55119,Sedan,0.2982
T55121,Sedan,0.2982
T55123,Sedan,0.2982
T55125,Sedan,0.2982
T55127,Sedan,0.2982
T55129,Sedan,0.2982
T55131,Sedan,0.2982
T55133,Sedan,0.2982
T55135,Sedan,0.2982
T55137,Sedan,0.2982
T55139,Sedan,0.2982
T55141,Sedan,0.2982
T56001,Sedan,0.2982
T56003,Sedan,0.2982
T56005,Sedan,0.2982
T56007,Sedan,0.2982
T56009,Sedan,0.2982
T56011,Sedan,0.2982
T56013,Sedan,0.2982
T56015,Sedan,0.2982
T56017,Sedan,0.2982
T56019,Sedan,0.2982
T56021,Sedan,0.2982
T56023,Sedan,0.2982
T56025,Sedan,0.2982
T56027,Sedan,0.2982
T56029,Sedan,0.2982
T56031,Sedan,0.2982
T56033,Sedan,0.2982
T56035,Sedan,0.2982
T56037,Sedan,0.2982
T56039,Sedan,0.2982
T56041,Sedan,0.2982
T56043,Sedan,0.2982
T56045,Sedan,0.2982
US,Sedan,0.2982
